Hour,Demand
1,1555
2,1473
3,1463
4,1503
5,1642
6,1850
7,2051
8,2129
9,2205
10,2284
11,2313
12,2412
13,2388
14,2310
15,2254
16,2202
17,2202
18,2437
19,2453
20,2409
21,2349
22,2176
23,1884
24,1617
25,1451
26,1377
27,1410
28,1488
29,1669
30,1931
31,2182
32,2302
33,2421
34,2535
35,2588
36,2684
37,2654
38,2567
39,2506
40,2437
41,2416
42,2592
43,2632
44,2581
45,2501
46,2351
47,2087
48,1728
49,1546
50,1454
51,1432
52,1497
53,1682
54,1994
55,2362
56,2584
57,2746
58,2906
59,3030
60,2900
61,2690
62,2633
63,2577
64,2486
65,2492
66,2720
67,2743
68,2676
69,2585
70,2329
71,1988
72,1725
73,1596
74,1506
75,1478
76,1530
77,1714
78,2020
79,2413
80,2635
81,2782
82,2915
83,3040
84,2919
85,2720
86,2668
87,2612
88,2544
89,2540
90,2737
91,2746
92,2678
93,2586
94,2391
95,2038
96,1757
97,1639
98,1545
99,1525
100,1606
101,1776
102,2080
103,2445
104,2632
105,2790
106,2934
107,3050
108,2926
109,2723
110,2669
111,2606
112,2535
113,2524
114,2715
115,2733
116,2657
117,2572
118,2342
119,2012
120,1759
121,1641
122,1556
123,1537
124,1584
125,1763
126,2059
127,2424
128,2637
129,2792
130,2929
131,3037
132,2891
133,2667
134,2596
135,2527
136,2445
137,2457
138,2649
139,2664
140,2582
141,2514
142,2292
143,2004
144,1782
145,1662
146,1570
147,1527
148,1560
149,1707
150,1921
151,2179
152,2317
153,2487
154,2668
155,2769
156,2616
157,2389
158,2305
159,2239
160,2186
161,2217
162,2488
163,2495
164,2445
165,2380
166,2188
167,1898
168,1672
169,1522
170,1451
171,1461
172,1531
173,1690
174,1911
175,2150
176,2248
177,2337
178,2402
179,2415
180,2494
181,2460
182,2384
183,2315
184,2243
185,2229
186,2453
187,2491
188,2457
189,2385
190,2120
191,1803
192,1556
193,1426
194,1370
195,1407
196,1499
197,1704
198,2057
199,2525
200,2740
201,2797
202,2829
203,2825
204,2893
205,2860
206,2789
207,2705
208,2595
209,2537
210,2689
211,2719
212,2662
213,2578
214,2298
215,1959
216,1702
217,1599
218,1523
219,1497
220,1564
221,1751
222,2073
223,2527
224,2775
225,2875
226,2962
227,3048
228,2898
229,2676
230,2598
231,2523
232,2460
233,2452
234,2686
235,2719
236,2663
237,2584
238,2323
239,1994
240,1742
241,1627
242,1543
243,1523
244,1587
245,1775
246,2094
247,2533
248,2771
249,2886
250,3014
251,3076
252,2909
253,2682
254,2585
255,2535
256,2472
257,2483
258,2698
259,2718
260,2674
261,2599
262,2328
263,2011
264,1762
265,1641
266,1563
267,1536
268,1602
269,1777
270,2070
271,2493
272,2704
273,2836
274,2954
275,3061
276,2902
277,2699
278,2655
279,2592
280,2526
281,2508
282,2686
283,2728
284,2658
285,2593
286,2334
287,2006
288,1779
289,1668
290,1597
291,1569
292,1623
293,1795
294,2095
295,2527
296,2772
297,2889
298,3001
299,3094
300,2915
301,2686
302,2625
303,2550
304,2478
305,2474
306,2659
307,2681
308,2612
309,2541
310,2276
311,1985
312,1744
313,1633
314,1555
315,1524
316,1574
317,1715
318,1934
319,2221
320,2394
321,2602
322,2762
323,2868
324,2697
325,2459
326,2370
327,2296
328,2240
329,2262
330,2525
331,2551
332,2500
333,2437
334,2177
335,1891
336,1652
337,1498
338,1442
339,1466
340,1545
341,1683
342,1913
343,2158
344,2299
345,2418
346,2503
347,2510
348,2563
349,2523
350,2446
351,2378
352,2334
353,2345
354,2539
355,2555
356,2510
357,2434
358,2169
359,1871
360,1622
361,1453
362,1387
363,1423
364,1521
365,1710
366,2020
367,2380
368,2590
369,2724
370,2818
371,2850
372,2912
373,2861
374,2779
375,2697
376,2616
377,2603
378,2757
379,2828
380,2791
381,2704
382,2424
383,2079
384,1828
385,1690
386,1607
387,1578
388,1648
389,1836
390,2160
391,2610
392,2856
393,2954
394,3037
395,3092
396,2908
397,2674
398,2602
399,2526
400,2461
401,2501
402,2750
403,2837
404,2794
405,2720
406,2421
407,2074
408,1825
409,1704
410,1613
411,1602
412,1669
413,1861
414,2198
415,2648
416,2877
417,2981
418,3062
419,3121
420,2936
421,2693
422,2617
423,2550
424,2493
425,2507
426,2719
427,2797
428,2746
429,2680
430,2469
431,2182
432,1950
433,1801
434,1690
435,1636
436,1692
437,1869
438,2209
439,2624
440,2839
441,2943
442,3064
443,3151
444,2982
445,2759
446,2689
447,2610
448,2554
449,2561
450,2759
451,2797
452,2738
453,2659
454,2412
455,2076
456,1816
457,1672
458,1589
459,1555
460,1625
461,1800
462,2123
463,2521
464,2731
465,2869
466,2999
467,3087
468,2931
469,2708
470,2640
471,2555
472,2490
473,2498
474,2660
475,2683
476,2615
477,2535
478,2380
479,2208
480,2052
481,1970
482,1852
483,1770
484,1789
485,1872
486,1997
487,2144
488,2278
489,2513
490,2703
491,2825
492,2670
493,2441
494,2326
495,2248
496,2193
497,2230
498,2470
499,2512
500,2477
501,2415
502,2296
503,2127
504,1935
505,1785
506,1742
507,1792
508,1852
509,1925
510,2035
511,2161
512,2259
513,2401
514,2502
515,2547
516,2618
517,2599
518,2513
519,2450
520,2386
521,2370
522,2526
523,2548
524,2513
525,2464
526,2322
527,2114
528,1921
529,1795
530,1740
531,1740
532,1790
533,1940
534,2201
535,2524
536,2729
537,2816
538,2895
539,2925
540,2993
541,2953
542,2862
543,2782
544,2702
545,2649
546,2738
547,2805
548,2748
549,2656
550,2455
551,2181
552,1932
553,1751
554,1638
555,1592
556,1663
557,1826
558,2168
559,2534
560,2732
561,2869
562,2979
563,3075
564,2909
565,2678
566,2607
567,2514
568,2457
569,2467
570,2686
571,2741
572,2686
573,2620
574,2368
575,2024
576,1728
577,1610
578,1533
579,1504
580,1559
581,1733
582,2052
583,2488
584,2722
585,2841
586,2954
587,3059
588,2911
589,2702
590,2647
591,2594
592,2529
593,2502
594,2659
595,2746
596,2678
597,2594
598,2349
599,1999
600,1733
601,1617
602,1517
603,1486
604,1544
605,1733
606,2056
607,2471
608,2703
609,2842
610,2957
611,3074
612,2929
613,2691
614,2653
615,2591
616,2521
617,2487
618,2628
619,2696
620,2626
621,2554
622,2249
623,1933
624,1684
625,1563
626,1481
627,1448
628,1512
629,1679
630,1950
631,2346
632,2584
633,2737
634,2875
635,2980
636,2823
637,2615
638,2564
639,2492
640,2423
641,2405
642,2537
643,2606
644,2533
645,2455
646,2196
647,1925
648,1719
649,1606
650,1522
651,1487
652,1526
653,1663
654,1878
655,2131
656,2299
657,2499
658,2657
659,2771
660,2625
661,2406
662,2328
663,2261
664,2211
665,2206
666,2393
667,2484
668,2428
669,2360
670,2098
671,1830
672,1602
673,1449
674,1389
675,1410
676,1485
677,1634
678,1855
679,2096
680,2234
681,2325
682,2383
683,2389
684,2470
685,2437
686,2371
687,2317
688,2265
689,2243
690,2393
691,2495
692,2448
693,2371
694,2072
695,1761
696,1530
697,1390
698,1333
699,1374
700,1458
701,1674
702,2025
703,2447
704,2689
705,2752
706,2794
707,2780
708,2877
709,2844
710,2777
711,2693
712,2600
713,2514
714,2609
715,2689
716,2641
717,2547
718,2242
719,1928
720,1685
721,1580
722,1499
723,1470
724,1527
725,1714
726,2020
727,2434
728,2662
729,2794
730,2910
731,2989
732,2855
733,2647
734,2576
735,2518
736,2453
737,2430
738,2595
739,2690
740,2647
741,2561
742,2256
743,1938
744,1685
745,1576
746,1505
747,1484
748,1536
749,1713
750,1996
751,2411
752,2670
753,2796
754,2905
755,2981
756,2850
757,2630
758,2565
759,2500
760,2434
761,2412
762,2571
763,2691
764,2639
765,2567
766,2253
767,1929
768,1702
769,1578
770,1499
771,1474
772,1533
773,1705
774,2019
775,2435
776,2675
777,2798
778,2908
779,2984
780,2854
781,2628
782,2565
783,2502
784,2421
785,2374
786,2527
787,2662
788,2605
789,2539
790,2244
791,1923
792,1699
793,1586
794,1518
795,1490
796,1547
797,1727
798,2025
799,2438
800,2670
801,2793
802,2892
803,2962
804,2818
805,2594
806,2521
807,2453
808,2376
809,2335
810,2468
811,2584
812,2525
813,2458
814,2254
815,1964
816,1732
817,1616
818,1561
819,1551
820,1593
821,1693
822,1891
823,2165
824,2339
825,2529
826,2668
827,2749
828,2596
829,2379
830,2294
831,2234
832,2181
833,2169
834,2348
835,2462
836,2423
837,2358
838,2192
839,1929
840,1640
841,1481
842,1457
843,1555
844,1725
845,1888
846,2058
847,2186
848,2252
849,2360
850,2431
851,2411
852,2464
853,2458
854,2391
855,2338
856,2261
857,2184
858,2282
859,2368
860,2387
861,2337
862,2179
863,1956
864,1759
865,1579
866,1559
867,1546
868,1606
869,1822
870,2085
871,2445
872,2646
873,2728
874,2784
875,2788
876,2829
877,2811
878,2736
879,2651
880,2571
881,2509
882,2597
883,2703
884,2639
885,2548
886,2358
887,2124
888,1931
889,1829
890,1746
891,1710
892,1752
893,1902
894,2111
895,2425
896,2656
897,2819
898,2974
899,3075
900,2925
901,2710
902,2645
903,2571
904,2509
905,2514
906,2658
907,2723
908,2666
909,2568
910,2368
911,2061
912,1779
913,1654
914,1590
915,1573
916,1645
917,1809
918,2062
919,2411
920,2603
921,2730
922,2866
923,2958
924,2827
925,2625
926,2572
927,2516
928,2444
929,2412
930,2524
931,2672
932,2612
933,2537
934,2331
935,2033
936,1831
937,1707
938,1690
939,1708
940,1771
941,1840
942,2017
943,2360
944,2594
945,2723
946,2862
947,2965
948,2861
949,2672
950,2636
951,2588
952,2510
953,2476
954,2556
955,2684
956,2625
957,2536
958,2193
959,1850
960,1582
961,1452
962,1373
963,1337
964,1399
965,1569
966,1877
967,2296
968,2556
969,2708
970,2858
971,2967
972,2856
973,2662
974,2616
975,2550
976,2467
977,2436
978,2520
979,2623
980,2552
981,2472
982,2275
983,2020
984,1749
985,1554
986,1441
987,1401
988,1439
989,1587
990,1819
991,2047
992,2214
993,2436
994,2625
995,2729
996,2592
997,2386
998,2302
999,2223
1000,2157
1001,2153
1002,2327
1003,2442
1004,2405
1005,2331
1006,2087
1007,1784
1008,1537
1009,1376
1010,1319
1011,1350
1012,1413
1013,1557
1014,1768
1015,1990
1016,2146
1017,2271
1018,2366
1019,2373
1020,2434
1021,2405
1022,2334
1023,2278
1024,2240
1025,2219
1026,2339
1027,2468
1028,2438
1029,2357
1030,2178
1031,1949
1032,1684
1033,1490
1034,1433
1035,1501
1036,1669
1037,1896
1038,2132
1039,2393
1040,2573
1041,2691
1042,2801
1043,2835
1044,2896
1045,2858
1046,2771
1047,2690
1048,2598
1049,2529
1050,2569
1051,2731
1052,2697
1053,2619
1054,2327
1055,1964
1056,1687
1057,1532
1058,1449
1059,1447
1060,1513
1061,1668
1062,1986
1063,2422
1064,2691
1065,2811
1066,2920
1067,2980
1068,2838
1069,2616
1070,2547
1071,2474
1072,2409
1073,2389
1074,2500
1075,2687
1076,2649
1077,2580
1078,2394
1079,2160
1080,1942
1081,1821
1082,1749
1083,1731
1084,1784
1085,1913
1086,2108
1087,2443
1088,2695
1089,2825
1090,2956
1091,3037
1092,2890
1093,2685
1094,2614
1095,2551
1096,2492
1097,2486
1098,2607
1099,2774
1100,2738
1101,2663
1102,2498
1103,2256
1104,2030
1105,1937
1106,1891
1107,1864
1108,1884
1109,1990
1110,2203
1111,2508
1112,2711
1113,2837
1114,2928
1115,2978
1116,2835
1117,2597
1118,2532
1119,2467
1120,2396
1121,2382
1122,2479
1123,2664
1124,2635
1125,2566
1126,2398
1127,2172
1128,1939
1129,1848
1130,1731
1131,1657
1132,1659
1133,1793
1134,2063
1135,2391
1136,2609
1137,2744
1138,2859
1139,2924
1140,2796
1141,2588
1142,2519
1143,2433
1144,2373
1145,2335
1146,2430
1147,2589
1148,2534
1149,2458
1150,2204
1151,1900
1152,1646
1153,1509
1154,1433
1155,1393
1156,1430
1157,1552
1158,1758
1159,2011
1160,2237
1161,2442
1162,2616
1163,2696
1164,2537
1165,2312
1166,2220
1167,2148
1168,2092
1169,2095
1170,2269
1171,2414
1172,2397
1173,2318
1174,2042
1175,1754
1176,1517
1177,1356
1178,1306
1179,1321
1180,1389
1181,1526
1182,1722
1183,1952
1184,2136
1185,2272
1186,2360
1187,2354
1188,2409
1189,2377
1190,2286
1191,2208
1192,2137
1193,2105
1194,2213
1195,2405
1196,2384
1197,2313
1198,2072
1199,1785
1200,1549
1201,1401
1202,1360
1203,1409
1204,1515
1205,1696
1206,1949
1207,2199
1208,2374
1209,2526
1210,2636
1211,2653
1212,2723
1213,2697
1214,2596
1215,2512
1216,2414
1217,2350
1218,2407
1219,2616
1220,2584
1221,2508
1222,2282
1223,1981
1224,1734
1225,1676
1226,1708
1227,1729
1228,1791
1229,1912
1230,2134
1231,2410
1232,2591
1233,2741
1234,2868
1235,2938
1236,2825
1237,2620
1238,2562
1239,2497
1240,2431
1241,2394
1242,2483
1243,2669
1244,2626
1245,2539
1246,2369
1247,2138
1248,1920
1249,1876
1250,1806
1251,1745
1252,1702
1253,1849
1254,2044
1255,2352
1256,2569
1257,2718
1258,2864
1259,2963
1260,2863
1261,2681
1262,2637
1263,2589
1264,2514
1265,2472
1266,2504
1267,2664
1268,2616
1269,2530
1270,2336
1271,2069
1272,1813
1273,1668
1274,1636
1275,1615
1276,1668
1277,1762
1278,1939
1279,2279
1280,2539
1281,2702
1282,2854
1283,2949
1284,2868
1285,2696
1286,2656
1287,2611
1288,2538
1289,2492
1290,2514
1291,2678
1292,2634
1293,2537
1294,2281
1295,1997
1296,1775
1297,1659
1298,1608
1299,1592
1300,1559
1301,1803
1302,2037
1303,2304
1304,2511
1305,2686
1306,2845
1307,2950
1308,2860
1309,2672
1310,2621
1311,2563
1312,2480
1313,2429
1314,2444
1315,2588
1316,2527
1317,2443
1318,2234
1319,1983
1320,1622
1321,1464
1322,1377
1323,1326
1324,1356
1325,1489
1326,1720
1327,1935
1328,2174
1329,2391
1330,2559
1331,2657
1332,2540
1333,2346
1334,2270
1335,2214
1336,2147
1337,2151
1338,2269
1339,2436
1340,2416
1341,2332
1342,2065
1343,1773
1344,1655
1345,1462
1346,1344
1347,1380
1348,1453
1349,1587
1350,1824
1351,1991
1352,2124
1353,2243
1354,2332
1355,2323
1356,2417
1357,2399
1358,2326
1359,2267
1360,2204
1361,2178
1362,2253
1363,2442
1364,2429
1365,2351
1366,2165
1367,1905
1368,1677
1369,1636
1370,1583
1371,1384
1372,1477
1373,1839
1374,2110
1375,2376
1376,2594
1377,2697
1378,2769
1379,2769
1380,2840
1381,2823
1382,2747
1383,2679
1384,2599
1385,2548
1386,2565
1387,2755
1388,2733
1389,2645
1390,2406
1391,2105
1392,1811
1393,1628
1394,1560
1395,1577
1396,1765
1397,1930
1398,2153
1399,2474
1400,2705
1401,2833
1402,2952
1403,3008
1404,2892
1405,2668
1406,2589
1407,2522
1408,2442
1409,2439
1410,2543
1411,2745
1412,2719
1413,2613
1414,2333
1415,2001
1416,1754
1417,1668
1418,1614
1419,1592
1420,1644
1421,1836
1422,2168
1423,2489
1424,2701
1425,2866
1426,3002
1427,3112
1428,2976
1429,2721
1430,2626
1431,2540
1432,2459
1433,2418
1434,2469
1435,2678
1436,2680
1437,2588
1438,2351
1439,2072
1440,1873
1441,1783
1442,1779
1443,1788
1444,1885
1445,2050
1446,2291
1447,2537
1448,2721
1449,2875
1450,3003
1451,3099
1452,2927
1453,2669
1454,2576
1455,2502
1456,2409
1457,2373
1458,2402
1459,2594
1460,2570
1461,2493
1462,2326
1463,2045
1464,1755
1465,1621
1466,1559
1467,1551
1468,1600
1469,1731
1470,1963
1471,2173
1472,2350
1473,2548
1474,2715
1475,2820
1476,2652
1477,2407
1478,2311
1479,2240
1480,2182
1481,2166
1482,2219
1483,2415
1484,2396
1485,2331
1486,2183
1487,2025
1488,1940
1489,1864
1490,1723
1491,1592
1492,1568
1493,1646
1494,1813
1495,2007
1496,2203
1497,2381
1498,2565
1499,2687
1500,2553
1501,2348
1502,2290
1503,2255
1504,2215
1505,2219
1506,2331
1507,2491
1508,2480
1509,2357
1510,2043
1511,1741
1512,1495
1513,1391
1514,1349
1515,1386
1516,1486
1517,1679
1518,2019
1519,2354
1520,2639
1521,2763
1522,2834
1523,2852
1524,2965
1525,2950
1526,2890
1527,2821
1528,2721
1529,2621
1530,2581
1531,2718
1532,2704
1533,2559
1534,2230
1535,1866
1536,1576
1537,1456
1538,1400
1539,1418
1540,1515
1541,1721
1542,2018
1543,2373
1544,2645
1545,2747
1546,2833
1547,2855
1548,2948
1549,2929
1550,2853
1551,2750
1552,2655
1553,2550
1554,2510
1555,2722
1556,2717
1557,2617
1558,2297
1559,1959
1560,1719
1561,1603
1562,1534
1563,1520
1564,1590
1565,1779
1566,2088
1567,2429
1568,2743
1569,2888
1570,3016
1571,3100
1572,2930
1573,2664
1574,2586
1575,2509
1576,2429
1577,2411
1578,2455
1579,2685
1580,2695
1581,2596
1582,2291
1583,1968
1584,1746
1585,1657
1586,1598
1587,1551
1588,1622
1589,1803
1590,2102
1591,2453
1592,2729
1593,2865
1594,3001
1595,3096
1596,2941
1597,2696
1598,2631
1599,2577
1600,2495
1601,2458
1602,2464
1603,2647
1604,2646
1605,2565
1606,2341
1607,2028
1608,1740
1609,1640
1610,1591
1611,1553
1612,1602
1613,1751
1614,2024
1615,2331
1616,2639
1617,2826
1618,2998
1619,3118
1620,2979
1621,2755
1622,2704
1623,2647
1624,2567
1625,2512
1626,2484
1627,2619
1628,2581
1629,2460
1630,2165
1631,1868
1632,1643
1633,1545
1634,1482
1635,1433
1636,1483
1637,1619
1638,1797
1639,1983
1640,2265
1641,2497
1642,2707
1643,2822
1644,2657
1645,2415
1646,2333
1647,2265
1648,2204
1649,2181
1650,2226
1651,2413
1652,2399
1653,2310
1654,2050
1655,1778
1656,1609
1657,1596
1658,1559
1659,1363
1660,1584
1661,1674
1662,1802
1663,1944
1664,2145
1665,2329
1666,2523
1667,2656
1668,2516
1669,2300
1670,2227
1671,2157
1672,2101
1673,2090
1674,2145
1675,2195
1676,2377
1677,2376
1678,2155
1679,1804
1680,1533
1681,1394
1682,1366
1683,1383
1684,1459
1685,1658
1686,1949
1687,2344
1688,2663
1689,2749
1690,2814
1691,2805
1692,2901
1693,2865
1694,2797
1695,2713
1696,2622
1697,2516
1698,2420
1699,2411
1700,2612
1701,2557
1702,2279
1703,1943
1704,1644
1705,1505
1706,1428
1707,1454
1708,1531
1709,1721
1710,2029
1711,2421
1712,2729
1713,2803
1714,2877
1715,2886
1716,2965
1717,2950
1718,2874
1719,2792
1720,2690
1721,2580
1722,2455
1723,2508
1724,2673
1725,2635
1726,2390
1727,2085
1728,1817
1729,1680
1730,1615
1731,1592
1732,1637
1733,1757
1734,2008
1735,2379
1736,2714
1737,2889
1738,3066
1739,3162
1740,2985
1741,2784
1742,2719
1743,2649
1744,2577
1745,2507
1746,2473
1747,2490
1748,2643
1749,2612
1750,2378
1751,2067
1752,1767
1753,1644
1754,1545
1755,1503
1756,1568
1757,1713
1758,1985
1759,2374
1760,2702
1761,2888
1762,3073
1763,3176
1764,2982
1765,2771
1766,2721
1767,2648
1768,2564
1769,2501
1770,2455
1771,2455
1772,2614
1773,2555
1774,2301
1775,1975
1776,1762
1777,1641
1778,1528
1779,1482
1780,1531
1781,1678
1782,1929
1783,2305
1784,2645
1785,2856
1786,3063
1787,3183
1788,3010
1789,2788
1790,2707
1791,2631
1792,2548
1793,2476
1794,2435
1795,2443
1796,2552
1797,2484
1798,2240
1799,1998
1800,1767
1801,1626
1802,1529
1803,1473
1804,1508
1805,1627
1806,1817
1807,2055
1808,2314
1809,2559
1810,2801
1811,2932
1812,2784
1813,2564
1814,2467
1815,2387
1816,2294
1817,2233
1818,2217
1819,2254
1820,2393
1821,2345
1822,2133
1823,1910
1824,1707
1825,1580
1826,1490
1827,1447
1828,1479
1829,1609
1830,1782
1831,2000
1832,2221
1833,2436
1834,2630
1835,2722
1836,2574
1837,2357
1838,2272
1839,2200
1840,2141
1841,2107
1842,2177
1843,2237
1844,2451
1845,2468
1846,2303
1847,2078
1848,1830
1849,1656
1850,1575
1851,1633
1852,1736
1853,1916
1854,2131
1855,2474
1856,2770
1857,2859
1858,2905
1859,2859
1860,2908
1861,2860
1862,2771
1863,2656
1864,2539
1865,2428
1866,2350
1867,2373
1868,2581
1869,2555
1870,2274
1871,1948
1872,1679
1873,1507
1874,1445
1875,1463
1876,1538
1877,1722
1878,2047
1879,2471
1880,2753
1881,2840
1882,2869
1883,2836
1884,2901
1885,2875
1886,2794
1887,2688
1888,2577
1889,2452
1890,2325
1891,2341
1892,2528
1893,2534
1894,2351
1895,2057
1896,1777
1897,1648
1898,1549
1899,1584
1900,1625
1901,1771
1902,2018
1903,2366
1904,2657
1905,2819
1906,2957
1907,3036
1908,2895
1909,2705
1910,2646
1911,2591
1912,2520
1913,2448
1914,2385
1915,2393
1916,2542
1917,2532
1918,2264
1919,1982
1920,1779
1921,1605
1922,1464
1923,1390
1924,1440
1925,1595
1926,1854
1927,2240
1928,2563
1929,2753
1930,2904
1931,3013
1932,2875
1933,2675
1934,2632
1935,2568
1936,2491
1937,2436
1938,2374
1939,2380
1940,2528
1941,2506
1942,2225
1943,1890
1944,1636
1945,1534
1946,1448
1947,1414
1948,1460
1949,1613
1950,1888
1951,2274
1952,2594
1953,2797
1954,2962
1955,3052
1956,2883
1957,2651
1958,2576
1959,2520
1960,2438
1961,2373
1962,2320
1963,2315
1964,2470
1965,2430
1966,2174
1967,1893
1968,1666
1969,1542
1970,1444
1971,1401
1972,1453
1973,1589
1974,1793
1975,2013
1976,2251
1977,2515
1978,2746
1979,2852
1980,2685
1981,2457
1982,2381
1983,2310
1984,2241
1985,2207
1986,2189
1987,2213
1988,2363
1989,2325
1990,2088
1991,1833
1992,1643
1993,1540
1994,1417
1995,1386
1996,1432
1997,1548
1998,1711
1999,1911
2000,2133
2001,2365
2002,2554
2003,2666
2004,2527
2005,2356
2006,2303
2007,2231
2008,2180
2009,2179
2010,2220
2011,2227
2012,2388
2013,2362
2014,2099
2015,1795
2016,1555
2017,1404
2018,1337
2019,1368
2020,1462
2021,1658
2022,1958
2023,2357
2024,2654
2025,2763
2026,2823
2027,2812
2028,2885
2029,2863
2030,2778
2031,2674
2032,2572
2033,2467
2034,2385
2035,2367
2036,2554
2037,2517
2038,2223
2039,1885
2040,1609
2041,1467
2042,1396
2043,1422
2044,1506
2045,1691
2046,1980
2047,2365
2048,2651
2049,2762
2050,2829
2051,2833
2052,2907
2053,2915
2054,2858
2055,2765
2056,2664
2057,2553
2058,2433
2059,2442
2060,2596
2061,2542
2062,2270
2063,1942
2064,1689
2065,1613
2066,1529
2067,1491
2068,1539
2069,1703
2070,1971
2071,2331
2072,2641
2073,2828
2074,2982
2075,3075
2076,2909
2077,2694
2078,2635
2079,2571
2080,2501
2081,2441
2082,2409
2083,2410
2084,2538
2085,2518
2086,2266
2087,1961
2088,1753
2089,1633
2090,1551
2091,1504
2092,1553
2093,1712
2094,1987
2095,2327
2096,2627
2097,2825
2098,3011
2099,3118
2100,2948
2101,2757
2102,2715
2103,2651
2104,2560
2105,2508
2106,2439
2107,2433
2108,2574
2109,2535
2110,2275
2111,1953
2112,1695
2113,1613
2114,1538
2115,1496
2116,1549
2117,1704
2118,1927
2119,2237
2120,2564
2121,2801
2122,2988
2123,3102
2124,2920
2125,2712
2126,2671
2127,2604
2128,2525
2129,2469
2130,2402
2131,2384
2132,2489
2133,2476
2134,2232
2135,1966
2136,1751
2137,1629
2138,1516
2139,1460
2140,1492
2141,1615
2142,1798
2143,1996
2144,2238
2145,2492
2146,2732
2147,2858
2148,2701
2149,2511
2150,2453
2151,2378
2152,2283
2153,2251
2154,2208
2155,2225
2156,2359
2157,2339
2158,2107
2159,1860
2160,1697
2161,1597
2162,1516
2163,1465
2164,1497
2165,1607
2166,1773
2167,1925
2168,2123
2169,2365
2170,2524
2171,2601
2172,2434
2173,2244
2174,2167
2175,2114
2176,2062
2177,2050
2178,2105
2179,2118
2180,2297
2181,2327
2182,2108
2183,1852
2184,1590
2185,1467
2186,1391
2187,1451
2188,1561
2189,1758
2190,2044
2191,2393
2192,2646
2193,2758
2194,2840
2195,2841
2196,2894
2197,2891
2198,2817
2199,2722
2200,2627
2201,2527
2202,2436
2203,2391
2204,2547
2205,2518
2206,2232
2207,1902
2208,1614
2209,1471
2210,1400
2211,1459
2212,1543
2213,1724
2214,1984
2215,2299
2216,2588
2217,2716
2218,2809
2219,2823
2220,2902
2221,2917
2222,2851
2223,2773
2224,2685
2225,2578
2226,2437
2227,2427
2228,2548
2229,2521
2230,2258
2231,1940
2232,1705
2233,1609
2234,1534
2235,1491
2236,1550
2237,1702
2238,1954
2239,2274
2240,2577
2241,2829
2242,3023
2243,3137
2244,2964
2245,2755
2246,2706
2247,2638
2248,2561
2249,2506
2250,2454
2251,2429
2252,2557
2253,2549
2254,2284
2255,1979
2256,1767
2257,1684
2258,1597
2259,1537
2260,1591
2261,1760
2262,2014
2263,2313
2264,2632
2265,2869
2266,3041
2267,3133
2268,2950
2269,2721
2270,2661
2271,2589
2272,2505
2273,2453
2274,2385
2275,2379
2276,2502
2277,2501
2278,2268
2279,1974
2280,1765
2281,1683
2282,1591
2283,1557
2284,1606
2285,1773
2286,2041
2287,2354
2288,2595
2289,2828
2290,2976
2291,3038
2292,2853
2293,2610
2294,2531
2295,2458
2296,2370
2297,2333
2298,2289
2299,2274
2300,2392
2301,2396
2302,2178
2303,1918
2304,1699
2305,1585
2306,1495
2307,1476
2308,1501
2309,1650
2310,1846
2311,2037
2312,2256
2313,2495
2314,2692
2315,2798
2316,2656
2317,2442
2318,2369
2319,2306
2320,2242
2321,2218
2322,2203
2323,2206
2324,2338
2325,2363
2326,2135
2327,1879
2328,1655
2329,1526
2330,1448
2331,1393
2332,1422
2333,1536
2334,1698
2335,1879
2336,2084
2337,2337
2338,2521
2339,2592
2340,2483
2341,2303
2342,2257
2343,2205
2344,2152
2345,2137
2346,2154
2347,2133
2348,2277
2349,2296
2350,2058
2351,1790
2352,1542
2353,1432
2354,1380
2355,1420
2356,1512
2357,1699
2358,1971
2359,2281
2360,2561
2361,2739
2362,2856
2363,2885
2364,2992
2365,3010
2366,2966
2367,2883
2368,2795
2369,2680
2370,2573
2371,2486
2372,2594
2373,2632
2374,2414
2375,2119
2376,1872
2377,1785
2378,1740
2379,1749
2380,1818
2381,1996
2382,2240
2383,2451
2384,2643
2385,2771
2386,2901
2387,2924
2388,3013
2389,3012
2390,2967
2391,2868
2392,2754
2393,2657
2394,2520
2395,2498
2396,2597
2397,2564
2398,2285
2399,1961
2400,1697
2401,1615
2402,1553
2403,1518
2404,1562
2405,1733
2406,1976
2407,2274
2408,2597
2409,2838
2410,3023
2411,3125
2412,2963
2413,2743
2414,2666
2415,2578
2416,2482
2417,2422
2418,2374
2419,2378
2420,2501
2421,2506
2422,2258
2423,1988
2424,1760
2425,1656
2426,1564
2427,1517
2428,1553
2429,1702
2430,1969
2431,2305
2432,2575
2433,2827
2434,3015
2435,3106
2436,2929
2437,2683
2438,2595
2439,2528
2440,2458
2441,2424
2442,2395
2443,2409
2444,2551
2445,2522
2446,2294
2447,2010
2448,1742
2449,1634
2450,1588
2451,1664
2452,1800
2453,1925
2454,2135
2455,2368
2456,2574
2457,2797
2458,2982
2459,3092
2460,2936
2461,2720
2462,2647
2463,2571
2464,2487
2465,2409
2466,2355
2467,2343
2468,2441
2469,2470
2470,2312
2471,2116
2472,1924
2473,1767
2474,1681
2475,1637
2476,1626
2477,1750
2478,1907
2479,2013
2480,2271
2481,2533
2482,2718
2483,2818
2484,2632
2485,2394
2486,2273
2487,2195
2488,2123
2489,2084
2490,2069
2491,2101
2492,2237
2493,2276
2494,2060
2495,1828
2496,1658
2497,1577
2498,1512
2499,1462
2500,1494
2501,1593
2502,1751
2503,1898
2504,2133
2505,2408
2506,2606
2507,2700
2508,2526
2509,2277
2510,2211
2511,2153
2512,2099
2513,2099
2514,2139
2515,2142
2516,2278
2517,2279
2518,2047
2519,1769
2520,1529
2521,1393
2522,1344
2523,1387
2524,1488
2525,1661
2526,1964
2527,2266
2528,2560
2529,2699
2530,2784
2531,2795
2532,2870
2533,2886
2534,2829
2535,2767
2536,2715
2537,2628
2538,2532
2539,2456
2540,2570
2541,2554
2542,2271
2543,1933
2544,1652
2545,1511
2546,1448
2547,1458
2548,1547
2549,1711
2550,1998
2551,2297
2552,2607
2553,2761
2554,2872
2555,2923
2556,3030
2557,3042
2558,2992
2559,2921
2560,2850
2561,2743
2562,2587
2563,2542
2564,2613
2565,2618
2566,2345
2567,2028
2568,1789
2569,1650
2570,1575
2571,1526
2572,1572
2573,1717
2574,1964
2575,2252
2576,2573
2577,2847
2578,3053
2579,3214
2580,3079
2581,2891
2582,2885
2583,2831
2584,2766
2585,2716
2586,2655
2587,2589
2588,2636
2589,2639
2590,2374
2591,2063
2592,1800
2593,1705
2594,1598
2595,1553
2596,1604
2597,1751
2598,2011
2599,2295
2600,2625
2601,2878
2602,3094
2603,3245
2604,3121
2605,2950
2606,2950
2607,2912
2608,2870
2609,2841
2610,2768
2611,2685
2612,2717
2613,2713
2614,2459
2615,2138
2616,1870
2617,1741
2618,1629
2619,1563
2620,1589
2621,1736
2622,1986
2623,2277
2624,2595
2625,2893
2626,3161
2627,3361
2628,3289
2629,3160
2630,3171
2631,3163
2632,3141
2633,3103
2634,3019
2635,2915
2636,2859
2637,2803
2638,2554
2639,2251
2640,1987
2641,1825
2642,1699
2643,1610
2644,1630
2645,1730
2646,1888
2647,2026
2648,2310
2649,2649
2650,2949
2651,3156
2652,3096
2653,2971
2654,2993
2655,2995
2656,2993
2657,2992
2658,2942
2659,2878
2660,2849
2661,2781
2662,2526
2663,2214
2664,1951
2665,1809
2666,1705
2667,1615
2668,1627
2669,1716
2670,1861
2671,1969
2672,2224
2673,2541
2674,2815
2675,3020
2676,2955
2677,2841
2678,2853
2679,2870
2680,2870
2681,2871
2682,2901
2683,2812
2684,2802
2685,2756
2686,2543
2687,2286
2688,1984
2689,1718
2690,1597
2691,1594
2692,1646
2693,1818
2694,2100
2695,2383
2696,2686
2697,2867
2698,3012
2699,3064
2700,3173
2701,3204
2702,3170
2703,3098
2704,3003
2705,2897
2706,2766
2707,2655
2708,2683
2709,2672
2710,2429
2711,2116
2712,1780
2713,1554
2714,1506
2715,1527
2716,1589
2717,1728
2718,1999
2719,2287
2720,2584
2721,2751
2722,2872
2723,2936
2724,3029
2725,3082
2726,3059
2727,3002
2728,2924
2729,2819
2730,2649
2731,2596
2732,2661
2733,2673
2734,2399
2735,2062
2736,1795
2737,1667
2738,1595
2739,1559
2740,1582
2741,1718
2742,1992
2743,2284
2744,2631
2745,2917
2746,3141
2747,3262
2748,3144
2749,2981
2750,2965
2751,2907
2752,2836
2753,2767
2754,2671
2755,2631
2756,2678
2757,2650
2758,2367
2759,2037
2760,1802
2761,1699
2762,1607
2763,1554
2764,1584
2765,1752
2766,2000
2767,2275
2768,2601
2769,2871
2770,3071
2771,3197
2772,3032
2773,2802
2774,2765
2775,2679
2776,2604
2777,2550
2778,2487
2779,2438
2780,2517
2781,2605
2782,2415
2783,2109
2784,1843
2785,1790
2786,1842
2787,1858
2788,1870
2789,1958
2790,2129
2791,2281
2792,2582
2793,2856
2794,3065
2795,3202
2796,3032
2797,2824
2798,2796
2799,2744
2800,2676
2801,2637
2802,2570
2803,2503
2804,2528
2805,2577
2806,2362
2807,2111
2808,1874
2809,1728
2810,1616
2811,1556
2812,1581
2813,1703
2814,1877
2815,2033
2816,2308
2817,2624
2818,2884
2819,3045
2820,2909
2821,2729
2822,2674
2823,2622
2824,2577
2825,2578
2826,2547
2827,2524
2828,2528
2829,2524
2830,2299
2831,2034
2832,1803
2833,1696
2834,1599
2835,1531
2836,1554
2837,1660
2838,1801
2839,1923
2840,2160
2841,2466
2842,2723
2843,2857
2844,2754
2845,2594
2846,2593
2847,2586
2848,2574
2849,2576
2850,2615
2851,2564
2852,2583
2853,2569
2854,2306
2855,1982
2856,1696
2857,1546
2858,1505
2859,1519
2860,1590
2861,1770
2862,2089
2863,2352
2864,2633
2865,2841
2866,2989
2867,3080
2868,3210
2869,3265
2870,3258
2871,3204
2872,3141
2873,3031
2874,2919
2875,2803
2876,2817
2877,2827
2878,2594
2879,2284
2880,2015
2881,1913
2882,1843
2883,1855
2884,1851
2885,1931
2886,2144
2887,2400
2888,2709
2889,2883
2890,3008
2891,3052
2892,3150
2893,3167
2894,3123
2895,3042
2896,2943
2897,2823
2898,2650
2899,2619
2900,2658
2901,2664
2902,2424
2903,2118
2904,1910
2905,1850
2906,1755
2907,1738
2908,1775
2909,1856
2910,2067
2911,2327
2912,2658
2913,2947
2914,3172
2915,3323
2916,3140
2917,2906
2918,2871
2919,2814
2920,2732
2921,2681
2922,2628
2923,2586
2924,2634
2925,2645
2926,2397
2927,2080
2928,1830
2929,1727
2930,1662
2931,1613
2932,1654
2933,1843
2934,2172
2935,2388
2936,2640
2937,2910
2938,3117
2939,3231
2940,3077
2941,2887
2942,2865
2943,2819
2944,2764
2945,2727
2946,2667
2947,2621
2948,2648
2949,2669
2950,2419
2951,2117
2952,1886
2953,1760
2954,1654
2955,1628
2956,1676
2957,1794
2958,2029
2959,2300
2960,2635
2961,2908
2962,3118
2963,3227
2964,3075
2965,2873
2966,2861
2967,2825
2968,2778
2969,2719
2970,2638
2971,2575
2972,2579
2973,2609
2974,2402
2975,2141
2976,1906
2977,1769
2978,1657
2979,1613
2980,1641
2981,1747
2982,1914
2983,2065
2984,2326
2985,2615
2986,2840
2987,2979
2988,2832
2989,2656
2990,2627
2991,2598
2992,2559
2993,2546
2994,2511
2995,2483
2996,2472
2997,2484
2998,2266
2999,2035
3000,1825
3001,1709
3002,1623
3003,1556
3004,1587
3005,1686
3006,1832
3007,1951
3008,2198
3009,2493
3010,2751
3011,2923
3012,2790
3013,2605
3014,2587
3015,2573
3016,2554
3017,2553
3018,2586
3019,2544
3020,2557
3021,2576
3022,2319
3023,1998
3024,1723
3025,1569
3026,1501
3027,1531
3028,1620
3029,1781
3030,2050
3031,2338
3032,2678
3033,2887
3034,3049
3035,3130
3036,3280
3037,3360
3038,3340
3039,3298
3040,3249
3041,3179
3042,3058
3043,2927
3044,2887
3045,2866
3046,2567
3047,2197
3048,1876
3049,1672
3050,1595
3051,1620
3052,1689
3053,1850
3054,2108
3055,2384
3056,2712
3057,2923
3058,3084
3059,3155
3060,3292
3061,3361
3062,3382
3063,3351
3064,3316
3065,3246
3066,3087
3067,3008
3068,2938
3069,2905
3070,2620
3071,2286
3072,2005
3073,1891
3074,1765
3075,1666
3076,1681
3077,1824
3078,2050
3079,2345
3080,2711
3081,3018
3082,3304
3083,3528
3084,3458
3085,3312
3086,3342
3087,3353
3088,3341
3089,3308
3090,3226
3091,3127
3092,3032
3093,3006
3094,2722
3095,2348
3096,2049
3097,1905
3098,1784
3099,1720
3100,1745
3101,1879
3102,2092
3103,2368
3104,2719
3105,3029
3106,3306
3107,3489
3108,3366
3109,3190
3110,3204
3111,3187
3112,3141
3113,3120
3114,3032
3115,2921
3116,2869
3117,2864
3118,2600
3119,2254
3120,1961
3121,1818
3122,1747
3123,1699
3124,1731
3125,1868
3126,2089
3127,2331
3128,2677
3129,2982
3130,3245
3131,3439
3132,3316
3133,3141
3134,3164
3135,3165
3136,3144
3137,3107
3138,3032
3139,2924
3140,2840
3141,2819
3142,2572
3143,2258
3144,1999
3145,1857
3146,1744
3147,1680
3148,1707
3149,1806
3150,1968
3151,2111
3152,2398
3153,2746
3154,3019
3155,3215
3156,3090
3157,2927
3158,2929
3159,2932
3160,2908
3161,2909
3162,2885
3163,2824
3164,2744
3165,2708
3166,2495
3167,2217
3168,1969
3169,1835
3170,1737
3171,1674
3172,1687
3173,1776
3174,1901
3175,2003
3176,2275
3177,2610
3178,2887
3179,3042
3180,2934
3181,2779
3182,2789
3183,2786
3184,2780
3185,2801
3186,2829
3187,2753
3188,2695
3189,2687
3190,2460
3191,2133
3192,1836
3193,1635
3194,1602
3195,1622
3196,1707
3197,1863
3198,2112
3199,2390
3200,2736
3201,2964
3202,3134
3203,3211
3204,3364
3205,3439
3206,3444
3207,3393
3208,3343
3209,3253
3210,3129
3211,3002
3212,2925
3213,2910
3214,2623
3215,2254
3216,1927
3217,1732
3218,1671
3219,1676
3220,1737
3221,1896
3222,2148
3223,2418
3224,2742
3225,2933
3226,3111
3227,3150
3228,3296
3229,3360
3230,3375
3231,3335
3232,3294
3233,3216
3234,3049
3235,2959
3236,2885
3237,2890
3238,2637
3239,2289
3240,1995
3241,1861
3242,1765
3243,1710
3244,1733
3245,1877
3246,2085
3247,2365
3248,2715
3249,3020
3250,3282
3251,3498
3252,3436
3253,3295
3254,3344
3255,3375
3256,3372
3257,3363
3258,3300
3259,3204
3260,3084
3261,3047
3262,2764
3263,2401
3264,2089
3265,1944
3266,1840
3267,1771
3268,1793
3269,1931
3270,2147
3271,2418
3272,2759
3273,3058
3274,3335
3275,3542
3276,3452
3277,3297
3278,3332
3279,3314
3280,3283
3281,3238
3282,3138
3283,3024
3284,2918
3285,2888
3286,2646
3287,2315
3288,2019
3289,1869
3290,1799
3291,1740
3292,1779
3293,1927
3294,2131
3295,2376
3296,2698
3297,2989
3298,3240
3299,3404
3300,3269
3301,3052
3302,3026
3303,3025
3304,2977
3305,2933
3306,2867
3307,2771
3308,2712
3309,2709
3310,2517
3311,2237
3312,1980
3313,1831
3314,1735
3315,1689
3316,1702
3317,1817
3318,1965
3319,2098
3320,2386
3321,2698
3322,2976
3323,3165
3324,3055
3325,2885
3326,2889
3327,2885
3328,2884
3329,2880
3330,2847
3331,2796
3332,2732
3333,2713
3334,2503
3335,2225
3336,1994
3337,1869
3338,1751
3339,1673
3340,1707
3341,1800
3342,1923
3343,2042
3344,2287
3345,2613
3346,2915
3347,3137
3348,3062
3349,2940
3350,2993
3351,3037
3352,3075
3353,3106
3354,3145
3355,3034
3356,2904
3357,2837
3358,2593
3359,2240
3360,1925
3361,1735
3362,1679
3363,1688
3364,1757
3365,1925
3366,2180
3367,2453
3368,2788
3369,3036
3370,3254
3371,3378
3372,3559
3373,3668
3374,3702
3375,3694
3376,3681
3377,3623
3378,3490
3379,3339
3380,3215
3381,3127
3382,2823
3383,2418
3384,2073
3385,1876
3386,1788
3387,1777
3388,1838
3389,1987
3390,2230
3391,2510
3392,2853
3393,3078
3394,3254
3395,3359
3396,3520
3397,3607
3398,3634
3399,3621
3400,3587
3401,3515
3402,3335
3403,3228
3404,3099
3405,3048
3406,2793
3407,2427
3408,2110
3409,1963
3410,1865
3411,1788
3412,1806
3413,1949
3414,2157
3415,2448
3416,2802
3417,3125
3418,3378
3419,3563
3420,3440
3421,3261
3422,3271
3423,3258
3424,3221
3425,3179
3426,3084
3427,2978
3428,2877
3429,2860
3430,2650
3431,2302
3432,2034
3433,1921
3434,1807
3435,1745
3436,1767
3437,1908
3438,2131
3439,2397
3440,2761
3441,3074
3442,3314
3443,3494
3444,3354
3445,3152
3446,3155
3447,3126
3448,3081
3449,3047
3450,2957
3451,2868
3452,2787
3453,2809
3454,2589
3455,2272
3456,2000
3457,1877
3458,1818
3459,1746
3460,1775
3461,1912
3462,2119
3463,2373
3464,2678
3465,2985
3466,3210
3467,3346
3468,3178
3469,2954
3470,2912
3471,2828
3472,2730
3473,2646
3474,2545
3475,2480
3476,2451
3477,2487
3478,2319
3479,2070
3480,1852
3481,1751
3482,1656
3483,1610
3484,1637
3485,1756
3486,1902
3487,2026
3488,2301
3489,2604
3490,2803
3491,2938
3492,2764
3493,2561
3494,2502
3495,2443
3496,2387
3497,2359
3498,2335
3499,2300
3500,2293
3501,2335
3502,2184
3503,1959
3504,1790
3505,1731
3506,1640
3507,1607
3508,1624
3509,1713
3510,1842
3511,1936
3512,2173
3513,2479
3514,2696
3515,2812
3516,2665
3517,2474
3518,2466
3519,2419
3520,2384
3521,2394
3522,2440
3523,2390
3524,2363
3525,2381
3526,2215
3527,1971
3528,1750
3529,1611
3530,1553
3531,1570
3532,1642
3533,1775
3534,1950
3535,2093
3536,2310
3537,2513
3538,2669
3539,2751
3540,2882
3541,2956
3542,2917
3543,2880
3544,2850
3545,2803
3546,2744
3547,2669
3548,2611
3549,2610
3550,2441
3551,2138
3552,1855
3553,1709
3554,1635
3555,1662
3556,1709
3557,1904
3558,2134
3559,2393
3560,2694
3561,2923
3562,3087
3563,3156
3564,3305
3565,3362
3566,3379
3567,3366
3568,3333
3569,3257
3570,3098
3571,3010
3572,2917
3573,2894
3574,2692
3575,2348
3576,2071
3577,1917
3578,1817
3579,1772
3580,1839
3581,1970
3582,2161
3583,2376
3584,2725
3585,2996
3586,3268
3587,3467
3588,3383
3589,3256
3590,3289
3591,3306
3592,3306
3593,3307
3594,3235
3595,3143
3596,3001
3597,2965
3598,2754
3599,2419
3600,2137
3601,1984
3602,1864
3603,1791
3604,1814
3605,1950
3606,2162
3607,2430
3608,2788
3609,3123
3610,3406
3611,3654
3612,3603
3613,3505
3614,3605
3615,3671
3616,3704
3617,3703
3618,3638
3619,3531
3620,3382
3621,3321
3622,3111
3623,2780
3624,2494
3625,2351
3626,2131
3627,1955
3628,1964
3629,2100
3630,2284
3631,2532
3632,2871
3633,3235
3634,3572
3635,3834
3636,3796
3637,3690
3638,3769
3639,3812
3640,3807
3641,3763
3642,3640
3643,3487
3644,3297
3645,3183
3646,2950
3647,2636
3648,2355
3649,2188
3650,2046
3651,1947
3652,1945
3653,2012
3654,2130
3655,2288
3656,2555
3657,2906
3658,3238
3659,3421
3660,3330
3661,3160
3662,3162
3663,3161
3664,3150
3665,3150
3666,3091
3667,3006
3668,2881
3669,2859
3670,2727
3671,2523
3672,2369
3673,2273
3674,2167
3675,2079
3676,2043
3677,2023
3678,2054
3679,2109
3680,2338
3681,2667
3682,2980
3683,3172
3684,3090
3685,2933
3686,2936
3687,2919
3688,2906
3689,2933
3690,2964
3691,2877
3692,2794
3693,2778
3694,2610
3695,2300
3696,2004
3697,1812
3698,1728
3699,1715
3700,1791
3701,1963
3702,2231
3703,2508
3704,2814
3705,3010
3706,3195
3707,3265
3708,3380
3709,3416
3710,3393
3711,3335
3712,3257
3713,3160
3714,3011
3715,2887
3716,2815
3717,2789
3718,2573
3719,2263
3720,1993
3721,1834
3722,1745
3723,1755
3724,1815
3725,1970
3726,2214
3727,2447
3728,2752
3729,2945
3730,3100
3731,3133
3732,3215
3733,3242
3734,3252
3735,3166
3736,3115
3737,3020
3738,2866
3739,2751
3740,2679
3741,2706
3742,2520
3743,2205
3744,1981
3745,1909
3746,1846
3747,1811
3748,1852
3749,1979
3750,2164
3751,2356
3752,2663
3753,2945
3754,3218
3755,3375
3756,3253
3757,3064
3758,3076
3759,3080
3760,3051
3761,3036
3762,2962
3763,2900
3764,2808
3765,2785
3766,2594
3767,2309
3768,2077
3769,1971
3770,1857
3771,1809
3772,1826
3773,1958
3774,2130
3775,2343
3776,2689
3777,3026
3778,3312
3779,3510
3780,3413
3781,3251
3782,3289
3783,3302
3784,3289
3785,3271
3786,3193
3787,3105
3788,2984
3789,2983
3790,2843
3791,2582
3792,2345
3793,2176
3794,1995
3795,1885
3796,1887
3797,2054
3798,2183
3799,2374
3800,2722
3801,3055
3802,3345
3803,3533
3804,3413
3805,3240
3806,3247
3807,3230
3808,3204
3809,3170
3810,3072
3811,2974
3812,2861
3813,2798
3814,2654
3815,2404
3816,2196
3817,2040
3818,1979
3819,1889
3820,1895
3821,1979
3822,2088
3823,2210
3824,2428
3825,2742
3826,3028
3827,3188
3828,3068
3829,2882
3830,2852
3831,2817
3832,2797
3833,2795
3834,2759
3835,2702
3836,2618
3837,2631
3838,2525
3839,2348
3840,2182
3841,2133
3842,2064
3843,2046
3844,2056
3845,2099
3846,2110
3847,2097
3848,2307
3849,2572
3850,2833
3851,3001
3852,2914
3853,2774
3854,2792
3855,2820
3856,2847
3857,2901
3858,2961
3859,2894
3860,2817
3861,2756
3862,2564
3863,2277
3864,2021
3865,1879
3866,1794
3867,1792
3868,1913
3869,2069
3870,2271
3871,2463
3872,2732
3873,2982
3874,3198
3875,3331
3876,3517
3877,3612
3878,3676
3879,3698
3880,3680
3881,3628
3882,3515
3883,3376
3884,3245
3885,3167
3886,2947
3887,2610
3888,2343
3889,2190
3890,2110
3891,2072
3892,2119
3893,2223
3894,2422
3895,2603
3896,2854
3897,3077
3898,3268
3899,3405
3900,3606
3901,3710
3902,3767
3903,3783
3904,3770
3905,3717
3906,3534
3907,3433
3908,3272
3909,3180
3910,2951
3911,2621
3912,2398
3913,2199
3914,2092
3915,2012
3916,2022
3917,2154
3918,2310
3919,2502
3920,2817
3921,3130
3922,3440
3923,3658
3924,3555
3925,3414
3926,3470
3927,3500
3928,3509
3929,3488
3930,3421
3931,3304
3932,3152
3933,3054
3934,2834
3935,2506
3936,2231
3937,2068
3938,1930
3939,1863
3940,1879
3941,2001
3942,2197
3943,2422
3944,2749
3945,3083
3946,3377
3947,3556
3948,3490
3949,3348
3950,3397
3951,3428
3952,3421
3953,3402
3954,3318
3955,3220
3956,3090
3957,3009
3958,2791
3959,2456
3960,2170
3961,2056
3962,1935
3963,1858
3964,1995
3965,2202
3966,2369
3967,2533
3968,2735
3969,3038
3970,3324
3971,3497
3972,3400
3973,3255
3974,3290
3975,3314
3976,3311
3977,3305
3978,3234
3979,3151
3980,3026
3981,2959
3982,2763
3983,2480
3984,2245
3985,2075
3986,1939
3987,1920
3988,1949
3989,2043
3990,2152
3991,2286
3992,2562
3993,2893
3994,3230
3995,3447
3996,3396
3997,3282
3998,3314
3999,3350
4000,3380
4001,3395
4002,3350
4003,3275
4004,3138
4005,3071
4006,2884
4007,2588
4008,2321
4009,2167
4010,2014
4011,1903
4012,1891
4013,1986
4014,2076
4015,2184
4016,2458
4017,2816
4018,3171
4019,3417
4020,3365
4021,3269
4022,3339
4023,3403
4024,3433
4025,3453
4026,3474
4027,3351
4028,3185
4029,3016
4030,2741
4031,2427
4032,2145
4033,1953
4034,1866
4035,1867
4036,1945
4037,2105
4038,2343
4039,2578
4040,2890
4041,3160
4042,3373
4043,3509
4044,3703
4045,3805
4046,3857
4047,3866
4048,3824
4049,3741
4050,3595
4051,3412
4052,3241
4053,3105
4054,2853
4055,2481
4056,2189
4057,2026
4058,1912
4059,1897
4060,1938
4061,2074
4062,2307
4063,2528
4064,2808
4065,3054
4066,3250
4067,3326
4068,3516
4069,3600
4070,3639
4071,3663
4072,3650
4073,3582
4074,3424
4075,3350
4076,3202
4077,3123
4078,2931
4079,2595
4080,2320
4081,2147
4082,2032
4083,1927
4084,1928
4085,2043
4086,2219
4087,2411
4088,2734
4089,3096
4090,3402
4091,3639
4092,3597
4093,3495
4094,3575
4095,3641
4096,3667
4097,3677
4098,3617
4099,3515
4100,3335
4101,3199
4102,2937
4103,2593
4104,2299
4105,2132
4106,1997
4107,1908
4108,1942
4109,2042
4110,2231
4111,2450
4112,2778
4113,3104
4114,3403
4115,3593
4116,3521
4117,3384
4118,3427
4119,3444
4120,3434
4121,3416
4122,3331
4123,3229
4124,3080
4125,2994
4126,2776
4127,2467
4128,2212
4129,2077
4130,1945
4131,1877
4132,1892
4133,2010
4134,2160
4135,2368
4136,2696
4137,3029
4138,3304
4139,3471
4140,3406
4141,3275
4142,3253
4143,3260
4144,3238
4145,3206
4146,3126
4147,3013
4148,2873
4149,2815
4150,2633
4151,2394
4152,2167
4153,2048
4154,1930
4155,1840
4156,1852
4157,1939
4158,2062
4159,2190
4160,2436
4161,2723
4162,2968
4163,3153
4164,3069
4165,2939
4166,2934
4167,2915
4168,2895
4169,2892
4170,2859
4171,2816
4172,2694
4173,2658
4174,2510
4175,2269
4176,2075
4177,1952
4178,1821
4179,1766
4180,1790
4181,1862
4182,1961
4183,2065
4184,2299
4185,2580
4186,2852
4187,3031
4188,2932
4189,2802
4190,2819
4191,2831
4192,2837
4193,2861
4194,2904
4195,2827
4196,2732
4197,2680
4198,2532
4199,2268
4200,1977
4201,1791
4202,1707
4203,1748
4204,1830
4205,1950
4206,2177
4207,2373
4208,2672
4209,2907
4210,3099
4211,3185
4212,3343
4213,3393
4214,3421
4215,3413
4216,3377
4217,3312
4218,3201
4219,3071
4220,2951
4221,2868
4222,2668
4223,2342
4224,2037
4225,1853
4226,1779
4227,1794
4228,1858
4229,1979
4230,2195
4231,2389
4232,2690
4233,2919
4234,3116
4235,3220
4236,3372
4237,3442
4238,3484
4239,3491
4240,3476
4241,3429
4242,3266
4243,3179
4244,3041
4245,2967
4246,2759
4247,2441
4248,2187
4249,2051
4250,1925
4251,1864
4252,1907
4253,2029
4254,2210
4255,2414
4256,2717
4257,3069
4258,3381
4259,3571
4260,3528
4261,3425
4262,3489
4263,3536
4264,3557
4265,3556
4266,3485
4267,3384
4268,3208
4269,3106
4270,2896
4271,2574
4272,2289
4273,2137
4274,1979
4275,1937
4276,1952
4277,2052
4278,2192
4279,2410
4280,2773
4281,3121
4282,3435
4283,3639
4284,3596
4285,3511
4286,3587
4287,3641
4288,3660
4289,3656
4290,3581
4291,3466
4292,3290
4293,3182
4294,2938
4295,2616
4296,2334
4297,2176
4298,2064
4299,1964
4300,1967
4301,2078
4302,2248
4303,2435
4304,2756
4305,3102
4306,3422
4307,3644
4308,3575
4309,3460
4310,3494
4311,3539
4312,3555
4313,3550
4314,3476
4315,3361
4316,3179
4317,3061
4318,2854
4319,2557
4320,2303
4321,2135
4322,2014
4323,1924
4324,1937
4325,2014
4326,2142
4327,2254
4328,2501
4329,2854
4330,3153
4331,3379
4332,3305
4333,3189
4334,3238
4335,3268
4336,3265
4337,3290
4338,3251
4339,3181
4340,3024
4341,2910
4342,2717
4343,2469
4344,2242
4345,2101
4346,1988
4347,1922
4348,1930
4349,2012
4350,2119
4351,2179
4352,2414
4353,2740
4354,3017
4355,3245
4356,3183
4357,3049
4358,3087
4359,3124
4360,3155
4361,3181
4362,3226
4363,3133
4364,3003
4365,2915
4366,2709
4367,2394
4368,2103
4369,1912
4370,1860
4371,1850
4372,1902
4373,2048
4374,2263
4375,2492
4376,2788
4377,3036
4378,3244
4379,3369
4380,3556
4381,3653
4382,3704
4383,3728
4384,3712
4385,3654
4386,3521
4387,3370
4388,3217
4389,3112
4390,2871
4391,2528
4392,2205
4393,2020
4394,1955
4395,1938
4396,1989
4397,2130
4398,2363
4399,2568
4400,2818
4401,3070
4402,3262
4403,3372
4404,3542
4405,3616
4406,3634
4407,3649
4408,3621
4409,3551
4410,3367
4411,3263
4412,3115
4413,3029
4414,2814
4415,2510
4416,2263
4417,2121
4418,1989
4419,1909
4420,1912
4421,2016
4422,2145
4423,2263
4424,2459
4425,2746
4426,3024
4427,3215
4428,3154
4429,3029
4430,3038
4431,3058
4432,3062
4433,3049
4434,2991
4435,2915
4436,2763
4437,2651
4438,2440
4439,2253
4440,2086
4441,1952
4442,1871
4443,1807
4444,1816
4445,1942
4446,2148
4447,2402
4448,2704
4449,3047
4450,3361
4451,3560
4452,3489
4453,3312
4454,3329
4455,3333
4456,3321
4457,3305
4458,3241
4459,3160
4460,3023
4461,2941
4462,2730
4463,2435
4464,2196
4465,2088
4466,1978
4467,1890
4468,1904
4469,2036
4470,2225
4471,2374
4472,2731
4473,3081
4474,3355
4475,3554
4476,3494
4477,3352
4478,3414
4479,3439
4480,3455
4481,3459
4482,3403
4483,3309
4484,3156
4485,3049
4486,2820
4487,2526
4488,2283
4489,2124
4490,1970
4491,1903
4492,1926
4493,2009
4494,2135
4495,2251
4496,2507
4497,2838
4498,3162
4499,3389
4500,3359
4501,3268
4502,3336
4503,3378
4504,3416
4505,3441
4506,3398
4507,3332
4508,3166
4509,3040
4510,2807
4511,2521
4512,2271
4513,2157
4514,2034
4515,1951
4516,1929
4517,2005
4518,2151
4519,2238
4520,2464
4521,2753
4522,3061
4523,3299
4524,3286
4525,3194
4526,3268
4527,3341
4528,3389
4529,3431
4530,3479
4531,3388
4532,3236
4533,3109
4534,2863
4535,2521
4536,2181
4537,2006
4538,1914
4539,1899
4540,1955
4541,2100
4542,2337
4543,2540
4544,2830
4545,3125
4546,3355
4547,3516
4548,3769
4549,3916
4550,4001
4551,4059
4552,4078
4553,4053
4554,3941
4555,3800
4556,3636
4557,3477
4558,3212
4559,2835
4560,2525
4561,2326
4562,2206
4563,2179
4564,2183
4565,2276
4566,2467
4567,2656
4568,2964
4569,3234
4570,3500
4571,3697
4572,3945
4573,4104
4574,4220
4575,4316
4576,4341
4577,4311
4578,4157
4579,4037
4580,3829
4581,3660
4582,3357
4583,2959
4584,2616
4585,2436
4586,2268
4587,2163
4588,2170
4589,2277
4590,2464
4591,2656
4592,3022
4593,3410
4594,3770
4595,4072
4596,4106
4597,4034
4598,4154
4599,4218
4600,4234
4601,4218
4602,4103
4603,3959
4604,3779
4605,3655
4606,3370
4607,2974
4608,2643
4609,2464
4610,2320
4611,2206
4612,2244
4613,2355
4614,2550
4615,2733
4616,3024
4617,3352
4618,3661
4619,3898
4620,3857
4621,3738
4622,3820
4623,3825
4624,3801
4625,3756
4626,3658
4627,3572
4628,3464
4629,3381
4630,3145
4631,2815
4632,2533
4633,2362
4634,2202
4635,2121
4636,2129
4637,2235
4638,2437
4639,2646
4640,2974
4641,3325
4642,3632
4643,3887
4644,3830
4645,3684
4646,3722
4647,3744
4648,3711
4649,3665
4650,3554
4651,3416
4652,3242
4653,3164
4654,2963
4655,2651
4656,2389
4657,2224
4658,2098
4659,2028
4660,2032
4661,2112
4662,2248
4663,2368
4664,2629
4665,2999
4666,3357
4667,3594
4668,3543
4669,3405
4670,3420
4671,3439
4672,3437
4673,3434
4674,3391
4675,3300
4676,3138
4677,3042
4678,2834
4679,2537
4680,2298
4681,2171
4682,2067
4683,1962
4684,1968
4685,2037
4686,2159
4687,2245
4688,2481
4689,2817
4690,3106
4691,3311
4692,3245
4693,3148
4694,3197
4695,3244
4696,3258
4697,3287
4698,3319
4699,3202
4700,3064
4701,2951
4702,2720
4703,2373
4704,2067
4705,1884
4706,1825
4707,1824
4708,1894
4709,2040
4710,2293
4711,2496
4712,2773
4713,3032
4714,3206
4715,3305
4716,3471
4717,3551
4718,3559
4719,3554
4720,3500
4721,3434
4722,3283
4723,3123
4724,2981
4725,2915
4726,2690
4727,2339
4728,2002
4729,1857
4730,1808
4731,1811
4732,1859
4733,2011
4734,2235
4735,2437
4736,2717
4737,2965
4738,3142
4739,3236
4740,3367
4741,3417
4742,3429
4743,3420
4744,3386
4745,3323
4746,3160
4747,3088
4748,2974
4749,2937
4750,2745
4751,2435
4752,2176
4753,2023
4754,1900
4755,1839
4756,1862
4757,1986
4758,2185
4759,2386
4760,2705
4761,3062
4762,3369
4763,3591
4764,3530
4765,3393
4766,3454
4767,3471
4768,3468
4769,3452
4770,3392
4771,3296
4772,3185
4773,3136
4774,2936
4775,2611
4776,2331
4777,2195
4778,2052
4779,1953
4780,1963
4781,2080
4782,2234
4783,2464
4784,2822
4785,3214
4786,3558
4787,3803
4788,3772
4789,3659
4790,3739
4791,3795
4792,3817
4793,3806
4794,3739
4795,3633
4796,3457
4797,3359
4798,3125
4799,2786
4800,2497
4801,2341
4802,2176
4803,2053
4804,2040
4805,2165
4806,2356
4807,2564
4808,2908
4809,3310
4810,3670
4811,3945
4812,3923
4813,3819
4814,3904
4815,3969
4816,3995
4817,3988
4818,3917
4819,3795
4820,3597
4821,3437
4822,3178
4823,2831
4824,2544
4825,2336
4826,2171
4827,2075
4828,2062
4829,2134
4830,2268
4831,2387
4832,2695
4833,3070
4834,3450
4835,3750
4836,3760
4837,3694
4838,3760
4839,3822
4840,3867
4841,3880
4842,3829
4843,3717
4844,3537
4845,3398
4846,3152
4847,2822
4848,2544
4849,2367
4850,2197
4851,2073
4852,2053
4853,2117
4854,2224
4855,2307
4856,2573
4857,2959
4858,3342
4859,3586
4860,3602
4861,3544
4862,3640
4863,3715
4864,3732
4865,3781
4866,3802
4867,3654
4868,3483
4869,3352
4870,3088
4871,2701
4872,2352
4873,2114
4874,1996
4875,2001
4876,2044
4877,2218
4878,2409
4879,2677
4880,2974
4881,3281
4882,3543
4883,3709
4884,3940
4885,4043
4886,4101
4887,4100
4888,4084
4889,4016
4890,3883
4891,3713
4892,3555
4893,3415
4894,3127
4895,2754
4896,2435
4897,2238
4898,2109
4899,2093
4900,2165
4901,2301
4902,2499
4903,2652
4904,2914
4905,3190
4906,3401
4907,3529
4908,3738
4909,3839
4910,3891
4911,3939
4912,3930
4913,3887
4914,3708
4915,3574
4916,3400
4917,3300
4918,3082
4919,2753
4920,2466
4921,2280
4922,2101
4923,1982
4924,2002
4925,2122
4926,2301
4927,2488
4928,2810
4929,3178
4930,3469
4931,3706
4932,3662
4933,3543
4934,3618
4935,3650
4936,3667
4937,3668
4938,3604
4939,3487
4940,3324
4941,3212
4942,2962
4943,2600
4944,2318
4945,2182
4946,2085
4947,1986
4948,1986
4949,2119
4950,2285
4951,2504
4952,2801
4953,3154
4954,3449
4955,3673
4956,3623
4957,3489
4958,3530
4959,3564
4960,3586
4961,3595
4962,3518
4963,3411
4964,3258
4965,3169
4966,2911
4967,2582
4968,2316
4969,2175
4970,2033
4971,1941
4972,1975
4973,2089
4974,2264
4975,2436
4976,2749
4977,3113
4978,3414
4979,3646
4980,3585
4981,3432
4982,3464
4983,3488
4984,3500
4985,3507
4986,3438
4987,3339
4988,3182
4989,3094
4990,2865
4991,2565
4992,2316
4993,2160
4994,2015
4995,1936
4996,1941
4997,2026
4998,2159
4999,2267
5000,2514
5001,2842
5002,3160
5003,3389
5004,3343
5005,3218
5006,3251
5007,3286
5008,3323
5009,3352
5010,3333
5011,3264
5012,3132
5013,3052
5014,2811
5015,2534
5016,2317
5017,2164
5018,2022
5019,1932
5020,1921
5021,2002
5022,2121
5023,2215
5024,2457
5025,2737
5026,3034
5027,3259
5028,3234
5029,3134
5030,3209
5031,3276
5032,3332
5033,3387
5034,3422
5035,3324
5036,3206
5037,3131
5038,2886
5039,2547
5040,2272
5041,2076
5042,1981
5043,1974
5044,2025
5045,2169
5046,2417
5047,2598
5048,2891
5049,3168
5050,3391
5051,3539
5052,3756
5053,3886
5054,3961
5055,3995
5056,3960
5057,3841
5058,3674
5059,3515
5060,3386
5061,3280
5062,3020
5063,2642
5064,2292
5065,2079
5066,1985
5067,1963
5068,1989
5069,2121
5070,2369
5071,2591
5072,2894
5073,3168
5074,3388
5075,3515
5076,3698
5077,3800
5078,3831
5079,3850
5080,3836
5081,3781
5082,3616
5083,3501
5084,3362
5085,3285
5086,3000
5087,2661
5088,2359
5089,2185
5090,2044
5091,1950
5092,1990
5093,2122
5094,2329
5095,2527
5096,2870
5097,3255
5098,3584
5099,3819
5100,3793
5101,3672
5102,3752
5103,3831
5104,3861
5105,3869
5106,3781
5107,3665
5108,3504
5109,3389
5110,3106
5111,2730
5112,2427
5113,2273
5114,2122
5115,2010
5116,2015
5117,2139
5118,2324
5119,2544
5120,2886
5121,3281
5122,3617
5123,3882
5124,3876
5125,3772
5126,3870
5127,3952
5128,3987
5129,3971
5130,3890
5131,3754
5132,3582
5133,3512
5134,3280
5135,2956
5136,2665
5137,2380
5138,2134
5139,2045
5140,2057
5141,2202
5142,2415
5143,2633
5144,2913
5145,3266
5146,3581
5147,3822
5148,3794
5149,3674
5150,3728
5151,3783
5152,3774
5153,3747
5154,3659
5155,3511
5156,3361
5157,3309
5158,3063
5159,2769
5160,2539
5161,2406
5162,2282
5163,2171
5164,2127
5165,2197
5166,2308
5167,2410
5168,2623
5169,2944
5170,3258
5171,3487
5172,3447
5173,3341
5174,3352
5175,3391
5176,3402
5177,3393
5178,3325
5179,3240
5180,3125
5181,3079
5182,2866
5183,2574
5184,2323
5185,2178
5186,2029
5187,1934
5188,1930
5189,2013
5190,2137
5191,2250
5192,2480
5193,2791
5194,3119
5195,3386
5196,3358
5197,3265
5198,3344
5199,3415
5200,3468
5201,3529
5202,3566
5203,3446
5204,3321
5205,3233
5206,2949
5207,2583
5208,2246
5209,2033
5210,1920
5211,1928
5212,1977
5213,2116
5214,2350
5215,2590
5216,2923
5217,3249
5218,3517
5219,3708
5220,3962
5221,4112
5222,4215
5223,4295
5224,4323
5225,4283
5226,4156
5227,3996
5228,3823
5229,3700
5230,3354
5231,2909
5232,2536
5233,2284
5234,2188
5235,2123
5236,2138
5237,2275
5238,2517
5239,2761
5240,3104
5241,3413
5242,3681
5243,3883
5244,4159
5245,4312
5246,4429
5247,4496
5248,4498
5249,4417
5250,4219
5251,4067
5252,3897
5253,3789
5254,3451
5255,3033
5256,2700
5257,2474
5258,2295
5259,2181
5260,2183
5261,2285
5262,2502
5263,2729
5264,3096
5265,3522
5266,3895
5267,4188
5268,4210
5269,4159
5270,4291
5271,4391
5272,4437
5273,4440
5274,4336
5275,4188
5276,3976
5277,3836
5278,3478
5279,3080
5280,2751
5281,2540
5282,2365
5283,2243
5284,2237
5285,2355
5286,2572
5287,2793
5288,3106
5289,3518
5290,3922
5291,4257
5292,4296
5293,4261
5294,4380
5295,4436
5296,4435
5297,4414
5298,4317
5299,4183
5300,3998
5301,3869
5302,3535
5303,3130
5304,2791
5305,2589
5306,2402
5307,2273
5308,2254
5309,2360
5310,2571
5311,2788
5312,3132
5313,3593
5314,3984
5315,4325
5316,4354
5317,4298
5318,4406
5319,4473
5320,4496
5321,4487
5322,4377
5323,4231
5324,4029
5325,3892
5326,3544
5327,3159
5328,2841
5329,2594
5330,2420
5331,2301
5332,2265
5333,2322
5334,2456
5335,2593
5336,2867
5337,3253
5338,3637
5339,3986
5340,4040
5341,4027
5342,4122
5343,4213
5344,4223
5345,4204
5346,4093
5347,3953
5348,3794
5349,3673
5350,3360
5351,3023
5352,2744
5353,2572
5354,2380
5355,2267
5356,2249
5357,2309
5358,2418
5359,2493
5360,2755
5361,3157
5362,3535
5363,3860
5364,3921
5365,3905
5366,4025
5367,4116
5368,4152
5369,4162
5370,4169
5371,4000
5372,3843
5373,3716
5374,3403
5375,3019
5376,2647
5377,2403
5378,2295
5379,2260
5380,2281
5381,2414
5382,2654
5383,2929
5384,3276
5385,3613
5386,3901
5387,4147
5388,4456
5389,4629
5390,4745
5391,4813
5392,4784
5393,4670
5394,4484
5395,4285
5396,4111
5397,3961
5398,3586
5399,3140
5400,2728
5401,2466
5402,2310
5403,2262
5404,2285
5405,2411
5406,2672
5407,2919
5408,3258
5409,3565
5410,3855
5411,4087
5412,4349
5413,4514
5414,4618
5415,4677
5416,4645
5417,4555
5418,4338
5419,4151
5420,3951
5421,3822
5422,3474
5423,3064
5424,2714
5425,2503
5426,2363
5427,2256
5428,2261
5429,2380
5430,2607
5431,2869
5432,3207
5433,3557
5434,3871
5435,4112
5436,4119
5437,4044
5438,4142
5439,4214
5440,4197
5441,4139
5442,4001
5443,3842
5444,3699
5445,3611
5446,3293
5447,2922
5448,2613
5449,2417
5450,2274
5451,2167
5452,2170
5453,2293
5454,2538
5455,2793
5456,3105
5457,3473
5458,3805
5459,4063
5460,4038
5461,3969
5462,4087
5463,4170
5464,4164
5465,4140
5466,4020
5467,3895
5468,3752
5469,3656
5470,3310
5471,2916
5472,2616
5473,2425
5474,2275
5475,2167
5476,2181
5477,2298
5478,2523
5479,2797
5480,3160
5481,3558
5482,3915
5483,4198
5484,4183
5485,4081
5486,4140
5487,4170
5488,4159
5489,4130
5490,4034
5491,3869
5492,3696
5493,3596
5494,3278
5495,2927
5496,2658
5497,2486
5498,2328
5499,2207
5500,2192
5501,2266
5502,2418
5503,2522
5504,2797
5505,3197
5506,3585
5507,3869
5508,3875
5509,3809
5510,3870
5511,3920
5512,3920
5513,3926
5514,3849
5515,3718
5516,3551
5517,3434
5518,3147
5519,2838
5520,2570
5521,2382
5522,2231
5523,2097
5524,2105
5525,2181
5526,2303
5527,2409
5528,2657
5529,3039
5530,3370
5531,3644
5532,3673
5533,3639
5534,3720
5535,3789
5536,3821
5537,3806
5538,3811
5539,3661
5540,3532
5541,3420
5542,3109
5543,2715
5544,2389
5545,2169
5546,2094
5547,2099
5548,2144
5549,2279
5550,2531
5551,2774
5552,3115
5553,3424
5554,3681
5555,3869
5556,4116
5557,4258
5558,4332
5559,4388
5560,4405
5561,4327
5562,4164
5563,3963
5564,3809
5565,3670
5566,3327
5567,2908
5568,2524
5569,2341
5570,2326
5571,2380
5572,2445
5573,2545
5574,2754
5575,2948
5576,3178
5577,3407
5578,3625
5579,3783
5580,3968
5581,4132
5582,4211
5583,4242
5584,4200
5585,4094
5586,3900
5587,3753
5588,3617
5589,3554
5590,3257
5591,2920
5592,2625
5593,2424
5594,2255
5595,2123
5596,2129
5597,2233
5598,2456
5599,2710
5600,3062
5601,3403
5602,3733
5603,3993
5604,3897
5605,3756
5606,3804
5607,3850
5608,3839
5609,3810
5610,3695
5611,3554
5612,3463
5613,3376
5614,3073
5615,2707
5616,2399
5617,2232
5618,2110
5619,2019
5620,2058
5621,2196
5622,2413
5623,2707
5624,3031
5625,3376
5626,3667
5627,3896
5628,3860
5629,3746
5630,3818
5631,3862
5632,3865
5633,3827
5634,3714
5635,3577
5636,3486
5637,3408
5638,3079
5639,2691
5640,2404
5641,2237
5642,2130
5643,2063
5644,2103
5645,2212
5646,2447
5647,2722
5648,3022
5649,3365
5650,3663
5651,3872
5652,3806
5653,3691
5654,3767
5655,3815
5656,3822
5657,3800
5658,3678
5659,3519
5660,3394
5661,3290
5662,2984
5663,2672
5664,2407
5665,2231
5666,2093
5667,1989
5668,1989
5669,2084
5670,2236
5671,2395
5672,2644
5673,2980
5674,3278
5675,3484
5676,3420
5677,3322
5678,3362
5679,3394
5680,3402
5681,3393
5682,3325
5683,3205
5684,3108
5685,3031
5686,2753
5687,2447
5688,2208
5689,2061
5690,1955
5691,1860
5692,1845
5693,1942
5694,2075
5695,2200
5696,2425
5697,2745
5698,3028
5699,3231
5700,3196
5701,3094
5702,3106
5703,3153
5704,3186
5705,3222
5706,3242
5707,3126
5708,3083
5709,3036
5710,2728
5711,2368
5712,2079
5713,1881
5714,1837
5715,1856
5716,1896
5717,2083
5718,2378
5719,2661
5720,2909
5721,3143
5722,3334
5723,3464
5724,3672
5725,3806
5726,3888
5727,3979
5728,4008
5729,3977
5730,3887
5731,3704
5732,3582
5733,3481
5734,3146
5735,2724
5736,2386
5737,2132
5738,2044
5739,2061
5740,2099
5741,2302
5742,2587
5743,2829
5744,3061
5745,3305
5746,3527
5747,3681
5748,3919
5749,4074
5750,4130
5751,4181
5752,4198
5753,4164
5754,3983
5755,3831
5756,3737
5757,3678
5758,3350
5759,2948
5760,2624
5761,2411
5762,2304
5763,2223
5764,2166
5765,2340
5766,2561
5767,2818
5768,3137
5769,3491
5770,3828
5771,4107
5772,4118
5773,4046
5774,4140
5775,4228
5776,4259
5777,4248
5778,4139
5779,3972
5780,3851
5781,3768
5782,3429
5783,3029
5784,2708
5785,2467
5786,2362
5787,2303
5788,2278
5789,2434
5790,2645
5791,2887
5792,3183
5793,3519
5794,3854
5795,4117
5796,4085
5797,3990
5798,4031
5799,3989
5800,3913
5801,3831
5802,3718
5803,3585
5804,3533
5805,3471
5806,3159
5807,2776
5808,2481
5809,2262
5810,2224
5811,2167
5812,2105
5813,2286
5814,2522
5815,2779
5816,3058
5817,3402
5818,3737
5819,3938
5820,3891
5821,3769
5822,3807
5823,3816
5824,3811
5825,3766
5826,3633
5827,3465
5828,3382
5829,3300
5830,3003
5831,2681
5832,2401
5833,2227
5834,2131
5835,2045
5836,2017
5837,2138
5838,2278
5839,2376
5840,2557
5841,2875
5842,3172
5843,3387
5844,3335
5845,3244
5846,3314
5847,3349
5848,3388
5849,3396
5850,3333
5851,3217
5852,3134
5853,3070
5854,2800
5855,2509
5856,2280
5857,2094
5858,2014
5859,1975
5860,2006
5861,2088
5862,2194
5863,2260
5864,2403
5865,2687
5866,2988
5867,3203
5868,3158
5869,3087
5870,3146
5871,3238
5872,3310
5873,3370
5874,3392
5875,3258
5876,3172
5877,3094
5878,2804
5879,2480
5880,2179
5881,1946
5882,1864
5883,1901
5884,1925
5885,2064
5886,2258
5887,2370
5888,2554
5889,2760
5890,3009
5891,3177
5892,3413
5893,3559
5894,3659
5895,3740
5896,3796
5897,3782
5898,3687
5899,3516
5900,3457
5901,3372
5902,3046
5903,2667
5904,2359
5905,2130
5906,2064
5907,2076
5908,2099
5909,2272
5910,2545
5911,2795
5912,3022
5913,3255
5914,3470
5915,3630
5916,3863
5917,3983
5918,4064
5919,4124
5920,4149
5921,4102
5922,3895
5923,3723
5924,3644
5925,3541
5926,3184
5927,2779
5928,2450
5929,2213
5930,2144
5931,2090
5932,2121
5933,2244
5934,2452
5935,2704
5936,2996
5937,3284
5938,3539
5939,3730
5940,3679
5941,3573
5942,3613
5943,3656
5944,3667
5945,3636
5946,3537
5947,3420
5948,3432
5949,3375
5950,3079
5951,2682
5952,2405
5953,2182
5954,2072
5955,2028
5956,2022
5957,2191
5958,2437
5959,2732
5960,3027
5961,3348
5962,3649
5963,3856
5964,3817
5965,3725
5966,3811
5967,3864
5968,3898
5969,3889
5970,3759
5971,3590
5972,3540
5973,3455
5974,3115
5975,2726
5976,2402
5977,2232
5978,2124
5979,2056
5980,2059
5981,2199
5982,2441
5983,2706
5984,3015
5985,3338
5986,3639
5987,3848
5988,3824
5989,3738
5990,3821
5991,3882
5992,3901
5993,3866
5994,3740
5995,3565
5996,3486
5997,3368
5998,3060
5999,2724
6000,2435
6001,2250
6002,2109
6003,2041
6004,2038
6005,2127
6006,2283
6007,2453
6008,2664
6009,3003
6010,3274
6011,3524
6012,3549
6013,3518
6014,3604
6015,3664
6016,3689
6017,3677
6018,3573
6019,3433
6020,3392
6021,3290
6022,2994
6023,2665
6024,2392
6025,2234
6026,2112
6027,2024
6028,2009
6029,2085
6030,2226
6031,2367
6032,2576
6033,2890
6034,3206
6035,3440
6036,3450
6037,3418
6038,3513
6039,3590
6040,3632
6041,3633
6042,3610
6043,3447
6044,3434
6045,3284
6046,2901
6047,2514
6048,2195
6049,2009
6050,1944
6051,1970
6052,2026
6053,2168
6054,2451
6055,2738
6056,3028
6057,3260
6058,3467
6059,3622
6060,3824
6061,3857
6062,3823
6063,3763
6064,3719
6065,3909
6066,3759
6067,3585
6068,3570
6069,3441
6070,3098
6071,2729
6072,2459
6073,2239
6074,2133
6075,2069
6076,2088
6077,2258
6078,2601
6079,2865
6080,3058
6081,3240
6082,3402
6083,3504
6084,3682
6085,3769
6086,3814
6087,3827
6088,3810
6089,3717
6090,3515
6091,3382
6092,3386
6093,3279
6094,2946
6095,2578
6096,2284
6097,2129
6098,2015
6099,1964
6100,1994
6101,2120
6102,2336
6103,2699
6104,3002
6105,3292
6106,3553
6107,3755
6108,3727
6109,3651
6110,3730
6111,3814
6112,3856
6113,3844
6114,3730
6115,3578
6116,3564
6117,3422
6118,3036
6119,2660
6120,2331
6121,2168
6122,2044
6123,1960
6124,1983
6125,2086
6126,2323
6127,2655
6128,2968
6129,3271
6130,3576
6131,3837
6132,3843
6133,3787
6134,3901
6135,3985
6136,4040
6137,4042
6138,3946
6139,3782
6140,3738
6141,3571
6142,3176
6143,2748
6144,2465
6145,2257
6146,2079
6147,1963
6148,1973
6149,2096
6150,2329
6151,2634
6152,2930
6153,3276
6154,3631
6155,3908
6156,3933
6157,3915
6158,4028
6159,4119
6160,4148
6161,4147
6162,4027
6163,3846
6164,3766
6165,3577
6166,3174
6167,2787
6168,2456
6169,2238
6170,2075
6171,1955
6172,1940
6173,2019
6174,2163
6175,2341
6176,2570
6177,2924
6178,3283
6179,3565
6180,3618
6181,3616
6182,3701
6183,3774
6184,3818
6185,3817
6186,3725
6187,3569
6188,3496
6189,3306
6190,2968
6191,2619
6192,2332
6193,2162
6194,2029
6195,1954
6196,1943
6197,2003
6198,2136
6199,2247
6200,2455
6201,2751
6202,3035
6203,3322
6204,3327
6205,3285
6206,3351
6207,3434
6208,3483
6209,3498
6210,3491
6211,3322
6212,3310
6213,3168
6214,2814
6215,2423
6216,2121
6217,1938
6218,1840
6219,1835
6220,1886
6221,2035
6222,2311
6223,2624
6224,2902
6225,3108
6226,3295
6227,3409
6228,3580
6229,3700
6230,3760
6231,3795
6232,3819
6233,3755
6234,3599
6235,3414
6236,3408
6237,3242
6238,2875
6239,2468
6240,2122
6241,1925
6242,1855
6243,1853
6244,1898
6245,2045
6246,2288
6247,2602
6248,2874
6249,3062
6250,3231
6251,3349
6252,3521
6253,3622
6254,3697
6255,3744
6256,3752
6257,3684
6258,3491
6259,3341
6260,3346
6261,3217
6262,2849
6263,2460
6264,2165
6265,2026
6266,1908
6267,1819
6268,1836
6269,1972
6270,2218
6271,2545
6272,2824
6273,3098
6274,3381
6275,3609
6276,3580
6277,3495
6278,3563
6279,3651
6280,3681
6281,3663
6282,3557
6283,3397
6284,3402
6285,3241
6286,2863
6287,2458
6288,2169
6289,1989
6290,1873
6291,1789
6292,1810
6293,1935
6294,2172
6295,2475
6296,2793
6297,3120
6298,3400
6299,3640
6300,3631
6301,3585
6302,3701
6303,3786
6304,3818
6305,3798
6306,3676
6307,3502
6308,3501
6309,3337
6310,2962
6311,2550
6312,2240
6313,2071
6314,1956
6315,1870
6316,1897
6317,2024
6318,2249
6319,2564
6320,2839
6321,3120
6322,3412
6323,3664
6324,3683
6325,3643
6326,3765
6327,3833
6328,3830
6329,3780
6330,3625
6331,3465
6332,3441
6333,3268
6334,2919
6335,2570
6336,2280
6337,2085
6338,1946
6339,1848
6340,1850
6341,1949
6342,2114
6343,2316
6344,2537
6345,2850
6346,3140
6347,3391
6348,3399
6349,3361
6350,3440
6351,3519
6352,3541
6353,3508
6354,3409
6355,3299
6356,3301
6357,3136
6358,2818
6359,2501
6360,2228
6361,2062
6362,1920
6363,1833
6364,1847
6365,1922
6366,2064
6367,2226
6368,2432
6369,2723
6370,3033
6371,3289
6372,3320
6373,3328
6374,3458
6375,3556
6376,3602
6377,3610
6378,3596
6379,3437
6380,3434
6381,3241
6382,2866
6383,2477
6384,2143
6385,1913
6386,1839
6387,1837
6388,1871
6389,2011
6390,2300
6391,2630
6392,2898
6393,3101
6394,3299
6395,3435
6396,3621
6397,3734
6398,3813
6399,3849
6400,3834
6401,3751
6402,3566
6403,3379
6404,3388
6405,3205
6406,2829
6407,2433
6408,2103
6409,1892
6410,1795
6411,1791
6412,1844
6413,1986
6414,2253
6415,2582
6416,2827
6417,2971
6418,3157
6419,3269
6420,3433
6421,3526
6422,3550
6423,3572
6424,3559
6425,3475
6426,3265
6427,3168
6428,3209
6429,3060
6430,2713
6431,2353
6432,2079
6433,1925
6434,1836
6435,1783
6436,1811
6437,1945
6438,2182
6439,2510
6440,2770
6441,3008
6442,3252
6443,3428
6444,3390
6445,3267
6446,3326
6447,3376
6448,3356
6449,3316
6450,3227
6451,3144
6452,3213
6453,3072
6454,2722
6455,2376
6456,2078
6457,1934
6458,1842
6459,1777
6460,1839
6461,1989
6462,2260
6463,2565
6464,2814
6465,3057
6466,3328
6467,3532
6468,3486
6469,3382
6470,3456
6471,3534
6472,3564
6473,3540
6474,3410
6475,3285
6476,3302
6477,3166
6478,2870
6479,2502
6480,2188
6481,2002
6482,1884
6483,1818
6484,1851
6485,1987
6486,2221
6487,2538
6488,2798
6489,3064
6490,3341
6491,3547
6492,3507
6493,3419
6494,3474
6495,3523
6496,3534
6497,3500
6498,3349
6499,3202
6500,3191
6501,3015
6502,2728
6503,2422
6504,2156
6505,2008
6506,1892
6507,1808
6508,1824
6509,1913
6510,2083
6511,2285
6512,2493
6513,2779
6514,3050
6515,3270
6516,3256
6517,3173
6518,3218
6519,3286
6520,3312
6521,3318
6522,3227
6523,3110
6524,3109
6525,2942
6526,2628
6527,2320
6528,2077
6529,1927
6530,1811
6531,1727
6532,1749
6533,1837
6534,2004
6535,2158
6536,2369
6537,2632
6538,2922
6539,3166
6540,3232
6541,3238
6542,3359
6543,3507
6544,3597
6545,3637
6546,3622
6547,3453
6548,3423
6549,3215
6550,2815
6551,2404
6552,2065
6553,1854
6554,1744
6555,1749
6556,1827
6557,1961
6558,2247
6559,2601
6560,2856
6561,3076
6562,3299
6563,3479
6564,3762
6565,3974
6566,4156
6567,4284
6568,4353
6569,4307
6570,4137
6571,3894
6572,3816
6573,3556
6574,3098
6575,2630
6576,2242
6577,2025
6578,1892
6579,1869
6580,1911
6581,2049
6582,2338
6583,2684
6584,2925
6585,3113
6586,3362
6587,3554
6588,3813
6589,4029
6590,4191
6591,4285
6592,4330
6593,4255
6594,4016
6595,3823
6596,3750
6597,3510
6598,3089
6599,2642
6600,2301
6601,2128
6602,1995
6603,1918
6604,1929
6605,2052
6606,2302
6607,2608
6608,2880
6609,3136
6610,3431
6611,3669
6612,3691
6613,3655
6614,3768
6615,3843
6616,3864
6617,3809
6618,3626
6619,3446
6620,3402
6621,3231
6622,2856
6623,2446
6624,2132
6625,1971
6626,1895
6627,1842
6628,1855
6629,2002
6630,2219
6631,2540
6632,2797
6633,3043
6634,3307
6635,3512
6636,3441
6637,3291
6638,3329
6639,3345
6640,3333
6641,3288
6642,3164
6643,3087
6644,3138
6645,3013
6646,2689
6647,2285
6648,2011
6649,1874
6650,1777
6651,1719
6652,1751
6653,1897
6654,2156
6655,2501
6656,2777
6657,3018
6658,3264
6659,3431
6660,3345
6661,3190
6662,3167
6663,3169
6664,3114
6665,3038
6666,2909
6667,2867
6668,2921
6669,2801
6670,2522
6671,2217
6672,1961
6673,1840
6674,1733
6675,1673
6676,1700
6677,1824
6678,1996
6679,2223
6680,2431
6681,2649
6682,2912
6683,3092
6684,3012
6685,2863
6686,2827
6687,2811
6688,2781
6689,2747
6690,2675
6691,2694
6692,2774
6693,2697
6694,2465
6695,2146
6696,1903
6697,1769
6698,1663
6699,1612
6700,1640
6701,1771
6702,1929
6703,2101
6704,2306
6705,2562
6706,2833
6707,3031
6708,2953
6709,2827
6710,2835
6711,2848
6712,2850
6713,2836
6714,2831
6715,2790
6716,2860
6717,2739
6718,2423
6719,2071
6720,1777
6721,1636
6722,1600
6723,1632
6724,1710
6725,1861
6726,2157
6727,2501
6728,2772
6729,2923
6730,3086
6731,3172
6732,3331
6733,3395
6734,3374
6735,3373
6736,3309
6737,3207
6738,3064
6739,3009
6740,3073
6741,2925
6742,2574
6743,2204
6744,1881
6745,1727
6746,1658
6747,1668
6748,1739
6749,1974
6750,2277
6751,2621
6752,2803
6753,2924
6754,3066
6755,3139
6756,3282
6757,3320
6758,3279
6759,3249
6760,3177
6761,3058
6762,2860
6763,2896
6764,2954
6765,2849
6766,2525
6767,2199
6768,1953
6769,1830
6770,1735
6771,1671
6772,1724
6773,1874
6774,2118
6775,2488
6776,2784
6777,2978
6778,3191
6779,3336
6780,3201
6781,2996
6782,2983
6783,2934
6784,2884
6785,2827
6786,2730
6787,2783
6788,2855
6789,2778
6790,2545
6791,2221
6792,1942
6793,1814
6794,1722
6795,1667
6796,1722
6797,1856
6798,2107
6799,2419
6800,2663
6801,2858
6802,3035
6803,3155
6804,3029
6805,2829
6806,2800
6807,2734
6808,2646
6809,2580
6810,2538
6811,2629
6812,2687
6813,2648
6814,2474
6815,2247
6816,2105
6817,2030
6818,2005
6819,1971
6820,1981
6821,2007
6822,2174
6823,2441
6824,2656
6825,2850
6826,3061
6827,3177
6828,3030
6829,2812
6830,2779
6831,2714
6832,2638
6833,2580
6834,2529
6835,2608
6836,2656
6837,2580
6838,2364
6839,2134
6840,1953
6841,1928
6842,1917
6843,1809
6844,1843
6845,1898
6846,2067
6847,2217
6848,2356
6849,2557
6850,2768
6851,2882
6852,2756
6853,2582
6854,2548
6855,2518
6856,2493
6857,2481
6858,2459
6859,2538
6860,2605
6861,2530
6862,2378
6863,2193
6864,2049
6865,1965
6866,1845
6867,1748
6868,1727
6869,1813
6870,1943
6871,2076
6872,2276
6873,2441
6874,2662
6875,2821
6876,2747
6877,2629
6878,2659
6879,2691
6880,2713
6881,2744
6882,2784
6883,2797
6884,2844
6885,2713
6886,2396
6887,2052
6888,1790
6889,1664
6890,1610
6891,1638
6892,1719
6893,1879
6894,2138
6895,2472
6896,2708
6897,2849
6898,2995
6899,3089
6900,3268
6901,3360
6902,3421
6903,3450
6904,3429
6905,3350
6906,3203
6907,3141
6908,3152
6909,2972
6910,2620
6911,2221
6912,1923
6913,1751
6914,1655
6915,1685
6916,1763
6917,1919
6918,2208
6919,2507
6920,2751
6921,2856
6922,3001
6923,3107
6924,3301
6925,3421
6926,3482
6927,3524
6928,3502
6929,3413
6930,3203
6931,3142
6932,3126
6933,2979
6934,2652
6935,2288
6936,2034
6937,1898
6938,1787
6939,1704
6940,1733
6941,1877
6942,2129
6943,2464
6944,2723
6945,2935
6946,3175
6947,3362
6948,3328
6949,3258
6950,3346
6951,3418
6952,3431
6953,3414
6954,3289
6955,3248
6956,3215
6957,3061
6958,2786
6959,2400
6960,2094
6961,1921
6962,1803
6963,1754
6964,1836
6965,1961
6966,2193
6967,2559
6968,2848
6969,3040
6970,3260
6971,3417
6972,3362
6973,3246
6974,3295
6975,3305
6976,3282
6977,3224
6978,3107
6979,3109
6980,3110
6981,2973
6982,2730
6983,2430
6984,2166
6985,1958
6986,1844
6987,1783
6988,1812
6989,1941
6990,2210
6991,2529
6992,2822
6993,3033
6994,3293
6995,3495
6996,3383
6997,3217
6998,3222
6999,3209
7000,3155
7001,3085
7002,2941
7003,2928
7004,2884
7005,2756
7006,2477
7007,2229
7008,1988
7009,1864
7010,1756
7011,1705
7012,1754
7013,1870
7014,2055
7015,2298
7016,2532
7017,2749
7018,2968
7019,3124
7020,2999
7021,2792
7022,2729
7023,2694
7024,2646
7025,2607
7026,2562
7027,2638
7028,2636
7029,2535
7030,2277
7031,2032
7032,1867
7033,1786
7034,1726
7035,1683
7036,1673
7037,1752
7038,1920
7039,2119
7040,2332
7041,2568
7042,2789
7043,2940
7044,2799
7045,2601
7046,2521
7047,2490
7048,2439
7049,2427
7050,2465
7051,2559
7052,2605
7053,2506
7054,2211
7055,1934
7056,1684
7057,1568
7058,1518
7059,1554
7060,1641
7061,1814
7062,2112
7063,2436
7064,2694
7065,2782
7066,2893
7067,2925
7068,3009
7069,3032
7070,3004
7071,2952
7072,2873
7073,2778
7074,2694
7075,2756
7076,2773
7077,2681
7078,2375
7079,2050
7080,1772
7081,1632
7082,1585
7083,1594
7084,1656
7085,1813
7086,2100
7087,2458
7088,2691
7089,2751
7090,2833
7091,2859
7092,2958
7093,2971
7094,2928
7095,2863
7096,2784
7097,2691
7098,2548
7099,2691
7100,2721
7101,2646
7102,2371
7103,2041
7104,1820
7105,1715
7106,1654
7107,1621
7108,1677
7109,1815
7110,2088
7111,2451
7112,2684
7113,2852
7114,3041
7115,3164
7116,3025
7117,2806
7118,2756
7119,2705
7120,2640
7121,2598
7122,2568
7123,2700
7124,2716
7125,2633
7126,2356
7127,2035
7128,1802
7129,1696
7130,1627
7131,1606
7132,1660
7133,1803
7134,2031
7135,2393
7136,2692
7137,2864
7138,3047
7139,3180
7140,3038
7141,2821
7142,2788
7143,2741
7144,2685
7145,2652
7146,2607
7147,2731
7148,2754
7149,2654
7150,2381
7151,2059
7152,1816
7153,1749
7154,1674
7155,1648
7156,1713
7157,1820
7158,2061
7159,2440
7160,2727
7161,2906
7162,3089
7163,3230
7164,3114
7165,2898
7166,2856
7167,2810
7168,2761
7169,2713
7170,2641
7171,2723
7172,2710
7173,2624
7174,2379
7175,2079
7176,1860
7177,1740
7178,1661
7179,1630
7180,1731
7181,1965
7182,2092
7183,2269
7184,2374
7185,2600
7186,2834
7187,2990
7188,2871
7189,2672
7190,2635
7191,2625
7192,2603
7193,2600
7194,2568
7195,2655
7196,2645
7197,2545
7198,2273
7199,1973
7200,1751
7201,1651
7202,1592
7203,1531
7204,1583
7205,1693
7206,1859
7207,2058
7208,2251
7209,2456
7210,2683
7211,2855
7212,2725
7213,2549
7214,2532
7215,2538
7216,2525
7217,2536
7218,2585
7219,2656
7220,2654
7221,2535
7222,2242
7223,1910
7224,1645
7225,1512
7226,1475
7227,1513
7228,1601
7229,1768
7230,2058
7231,2430
7232,2723
7233,2808
7234,2906
7235,2967
7236,3098
7237,3141
7238,3117
7239,3102
7240,3044
7241,2948
7242,2829
7243,2886
7244,2868
7245,2730
7246,2413
7247,2051
7248,1773
7249,1608
7250,1545
7251,1560
7252,1636
7253,1787
7254,2066
7255,2441
7256,2719
7257,2781
7258,2859
7259,2915
7260,3033
7261,3066
7262,3053
7263,3037
7264,2989
7265,2884
7266,2731
7267,2840
7268,2819
7269,2715
7270,2424
7271,2095
7272,1851
7273,1753
7274,1655
7275,1598
7276,1649
7277,1804
7278,2066
7279,2428
7280,2760
7281,2924
7282,3126
7283,3250
7284,3115
7285,2888
7286,2869
7287,2841
7288,2787
7289,2737
7290,2664
7291,2719
7292,2640
7293,2563
7294,2322
7295,2022
7296,1797
7297,1694
7298,1611
7299,1576
7300,1625
7301,1768
7302,2016
7303,2373
7304,2709
7305,2879
7306,3058
7307,3173
7308,3051
7309,2845
7310,2817
7311,2772
7312,2713
7313,2653
7314,2620
7315,2761
7316,2752
7317,2661
7318,2379
7319,2058
7320,1820
7321,1718
7322,1601
7323,1577
7324,1619
7325,1761
7326,2009
7327,2369
7328,2701
7329,2855
7330,3031
7331,3132
7332,3009
7333,2818
7334,2788
7335,2748
7336,2686
7337,2638
7338,2587
7339,2698
7340,2668
7341,2582
7342,2340
7343,2066
7344,1838
7345,1738
7346,1664
7347,1586
7348,1661
7349,1797
7350,1931
7351,2107
7352,2304
7353,2499
7354,2693
7355,2827
7356,2740
7357,2564
7358,2526
7359,2496
7360,2463
7361,2454
7362,2438
7363,2586
7364,2565
7365,2481
7366,2239
7367,1965
7368,1754
7369,1665
7370,1565
7371,1561
7372,1593
7373,1687
7374,1853
7375,1996
7376,2229
7377,2428
7378,2642
7379,2777
7380,2707
7381,2551
7382,2547
7383,2556
7384,2550
7385,2569
7386,2736
7387,2713
7388,2625
7389,2502
7390,2215
7391,1891
7392,1654
7393,1530
7394,1494
7395,1537
7396,1631
7397,1838
7398,2117
7399,2376
7400,2608
7401,2746
7402,2913
7403,3006
7404,3205
7405,3257
7406,3267
7407,3238
7408,3148
7409,3018
7410,3040
7411,2952
7412,2825
7413,2670
7414,2358
7415,2016
7416,1714
7417,1527
7418,1461
7419,1477
7420,1547
7421,1720
7422,2041
7423,2353
7424,2614
7425,2749
7426,2888
7427,2994
7428,3158
7429,3210
7430,3205
7431,3170
7432,3069
7433,2940
7434,2946
7435,2892
7436,2776
7437,2643
7438,2423
7439,2172
7440,1892
7441,1816
7442,1670
7443,1552
7444,1598
7445,1774
7446,2063
7447,2358
7448,2619
7449,2810
7450,3017
7451,3183
7452,3081
7453,2908
7454,2892
7455,2858
7456,2790
7457,2736
7458,2864
7459,2817
7460,2717
7461,2602
7462,2303
7463,1985
7464,1753
7465,1641
7466,1557
7467,1529
7468,1584
7469,1751
7470,1997
7471,2343
7472,2622
7473,2810
7474,2994
7475,3146
7476,2999
7477,2799
7478,2749
7479,2680
7480,2616
7481,2640
7482,2781
7483,2760
7484,2681
7485,2585
7486,2351
7487,2079
7488,1895
7489,1819
7490,1767
7491,1813
7492,1878
7493,2007
7494,2171
7495,2408
7496,2612
7497,2792
7498,2976
7499,3103
7500,2917
7501,2674
7502,2609
7503,2521
7504,2445
7505,2465
7506,2643
7507,2624
7508,2556
7509,2470
7510,2249
7511,1976
7512,1817
7513,1753
7514,1701
7515,1667
7516,1666
7517,1743
7518,1907
7519,2111
7520,2325
7521,2536
7522,2723
7523,2839
7524,2658
7525,2428
7526,2343
7527,2276
7528,2228
7529,2287
7530,2494
7531,2509
7532,2450
7533,2393
7534,2238
7535,1970
7536,1916
7537,1893
7538,1839
7539,1777
7540,1764
7541,1891
7542,1983
7543,2107
7544,2243
7545,2441
7546,2607
7547,2723
7548,2534
7549,2311
7550,2245
7551,2189
7552,2157
7553,2235
7554,2527
7555,2513
7556,2465
7557,2391
7558,2187
7559,1902
7560,1670
7561,1541
7562,1513
7563,1574
7564,1684
7565,1848
7566,2146
7567,2425
7568,2597
7569,2729
7570,2810
7571,2827
7572,2894
7573,2861
7574,2790
7575,2717
7576,2645
7577,2637
7578,2802
7579,2770
7580,2700
7581,2602
7582,2339
7583,1981
7584,1713
7585,1581
7586,1499
7587,1514
7588,1594
7589,1796
7590,2120
7591,2470
7592,2704
7593,2770
7594,2797
7595,2834
7596,2924
7597,2904
7598,2865
7599,2803
7600,2716
7601,2680
7602,2766
7603,2748
7604,2665
7605,2584
7606,2319
7607,1974
7608,1712
7609,1634
7610,1594
7611,1550
7612,1619
7613,1759
7614,2020
7615,2392
7616,2658
7617,2822
7618,2989
7619,3121
7620,2957
7621,2745
7622,2705
7623,2649
7624,2577
7625,2600
7626,2770
7627,2741
7628,2665
7629,2584
7630,2318
7631,1993
7632,1737
7633,1594
7634,1569
7635,1538
7636,1566
7637,1720
7638,1982
7639,2366
7640,2671
7641,2863
7642,3035
7643,3160
7644,2990
7645,2764
7646,2705
7647,2638
7648,2571
7649,2621
7650,2783
7651,2750
7652,2678
7653,2599
7654,2327
7655,1997
7656,1743
7657,1615
7658,1545
7659,1522
7660,1615
7661,1720
7662,1988
7663,2366
7664,2649
7665,2833
7666,3011
7667,3146
7668,2977
7669,2764
7670,2706
7671,2640
7672,2565
7673,2593
7674,2727
7675,2679
7676,2601
7677,2517
7678,2274
7679,1974
7680,1741
7681,1622
7682,1537
7683,1487
7684,1565
7685,1708
7686,1883
7687,2098
7688,2309
7689,2554
7690,2755
7691,2913
7692,2754
7693,2536
7694,2455
7695,2385
7696,2320
7697,2377
7698,2534
7699,2517
7700,2438
7701,2366
7702,2158
7703,1882
7704,1659
7705,1559
7706,1529
7707,1503
7708,1543
7709,1671
7710,1836
7711,2039
7712,2217
7713,2413
7714,2617
7715,2750
7716,2552
7717,2358
7718,2297
7719,2257
7720,2221
7721,2291
7722,2545
7723,2510
7724,2457
7725,2381
7726,2140
7727,1821
7728,1580
7729,1459
7730,1426
7731,1469
7732,1546
7733,1734
7734,2005
7735,2328
7736,2563
7737,2689
7738,2782
7739,2829
7740,2922
7741,2905
7742,2851
7743,2781
7744,2701
7745,2668
7746,2802
7747,2752
7748,2678
7749,2573
7750,2330
7751,2011
7752,1753
7753,1539
7754,1451
7755,1477
7756,1548
7757,1730
7758,2041
7759,2375
7760,2606
7761,2739
7762,2843
7763,2880
7764,2974
7765,2966
7766,2907
7767,2836
7768,2737
7769,2697
7770,2788
7771,2747
7772,2664
7773,2579
7774,2388
7775,2071
7776,1774
7777,1629
7778,1546
7779,1525
7780,1573
7781,1725
7782,1983
7783,2312
7784,2564
7785,2786
7786,2973
7787,3105
7788,2961
7789,2744
7790,2676
7791,2611
7792,2532
7793,2540
7794,2714
7795,2673
7796,2581
7797,2514
7798,2311
7799,2013
7800,1761
7801,1661
7802,1583
7803,1527
7804,1561
7805,1664
7806,1836
7807,2052
7808,2213
7809,2412
7810,2642
7811,2788
7812,2659
7813,2455
7814,2387
7815,2309
7816,2236
7817,2210
7818,2302
7819,2257
7820,2196
7821,2163
7822,2021
7823,1790
7824,1615
7825,1504
7826,1463
7827,1457
7828,1506
7829,1641
7830,1851
7831,2076
7832,2254
7833,2450
7834,2644
7835,2778
7836,2635
7837,2445
7838,2398
7839,2357
7840,2320
7841,2350
7842,2534
7843,2499
7844,2434
7845,2359
7846,2167
7847,1893
7848,1656
7849,1521
7850,1465
7851,1437
7852,1501
7853,1634
7854,1813
7855,2044
7856,2228
7857,2423
7858,2613
7859,2687
7860,2562
7861,2400
7862,2363
7863,2332
7864,2290
7865,2324
7866,2514
7867,2489
7868,2428
7869,2358
7870,2166
7871,1873
7872,1647
7873,1514
7874,1444
7875,1417
7876,1462
7877,1586
7878,1763
7879,1959
7880,2118
7881,2303
7882,2502
7883,2656
7884,2523
7885,2340
7886,2286
7887,2248
7888,2225
7889,2301
7890,2596
7891,2566
7892,2520
7893,2428
7894,2172
7895,1824
7896,1595
7897,1436
7898,1388
7899,1436
7900,1522
7901,1715
7902,2029
7903,2443
7904,2654
7905,2756
7906,2818
7907,2829
7908,2909
7909,2904
7910,2853
7911,2780
7912,2718
7913,2712
7914,2860
7915,2819
7916,2746
7917,2651
7918,2449
7919,2096
7920,1767
7921,1621
7922,1613
7923,1666
7924,1757
7925,1946
7926,2237
7927,2548
7928,2709
7929,2793
7930,2864
7931,2886
7932,2970
7933,2961
7934,2904
7935,2831
7936,2734
7937,2718
7938,2835
7939,2827
7940,2756
7941,2667
7942,2488
7943,2195
7944,1908
7945,1763
7946,1643
7947,1656
7948,1756
7949,1945
7950,2169
7951,2487
7952,2708
7953,2894
7954,3079
7955,3215
7956,3049
7957,2819
7958,2761
7959,2680
7960,2615
7961,2659
7962,2845
7963,2828
7964,2759
7965,2674
7966,2443
7967,2088
7968,1824
7969,1717
7970,1633
7971,1589
7972,1642
7973,1819
7974,2067
7975,2436
7976,2672
7977,2841
7978,3041
7979,3184
7980,3010
7981,2808
7982,2749
7983,2690
7984,2628
7985,2696
7986,2862
7987,2833
7988,2774
7989,2679
7990,2426
7991,2073
7992,1796
7993,1683
7994,1600
7995,1596
7996,1649
7997,1807
7998,2022
7999,2410
8000,2688
8001,2887
8002,3113
8003,3273
8004,3124
8005,2888
8006,2802
8007,2701
8008,2625
8009,2669
8010,2793
8011,2764
8012,2685
8013,2594
8014,2377
8015,2079
8016,1804
8017,1660
8018,1607
8019,1546
8020,1553
8021,1697
8022,1905
8023,2135
8024,2291
8025,2529
8026,2768
8027,2936
8028,2790
8029,2566
8030,2485
8031,2424
8032,2372
8033,2422
8034,2583
8035,2575
8036,2520
8037,2460
8038,2343
8039,2112
8040,1861
8041,1702
8042,1596
8043,1545
8044,1580
8045,1707
8046,1880
8047,2090
8048,2242
8049,2474
8050,2661
8051,2828
8052,2683
8053,2478
8054,2414
8055,2354
8056,2308
8057,2394
8058,2657
8059,2632
8060,2589
8061,2507
8062,2288
8063,1940
8064,1641
8065,1509
8066,1441
8067,1477
8068,1554
8069,1748
8070,2026
8071,2443
8072,2679
8073,2770
8074,2864
8075,2890
8076,2971
8077,2965
8078,2909
8079,2832
8080,2739
8081,2757
8082,2923
8083,2876
8084,2819
8085,2701
8086,2440
8087,2044
8088,1732
8089,1541
8090,1452
8091,1504
8092,1577
8093,1750
8094,2045
8095,2492
8096,2686
8097,2775
8098,2869
8099,2929
8100,3026
8101,3025
8102,2957
8103,2857
8104,2765
8105,2758
8106,2878
8107,2856
8108,2793
8109,2697
8110,2530
8111,2311
8112,2109
8113,1992
8114,1859
8115,1778
8116,1788
8117,1903
8118,2181
8119,2500
8120,2703
8121,2882
8122,3058
8123,3214
8124,3064
8125,2842
8126,2783
8127,2718
8128,2644
8129,2686
8130,2887
8131,2862
8132,2789
8133,2700
8134,2513
8135,2278
8136,2056
8137,1902
8138,1824
8139,1760
8140,1788
8141,1920
8142,2131
8143,2441
8144,2620
8145,2808
8146,2992
8147,3128
8148,2963
8149,2752
8150,2689
8151,2625
8152,2565
8153,2609
8154,2811
8155,2808
8156,2741
8157,2701
8158,2544
8159,2319
8160,2134
8161,2018
8162,1935
8163,1908
8164,1966
8165,2060
8166,2196
8167,2465
8168,2670
8169,2838
8170,3001
8171,3139
8172,2974
8173,2748
8174,2686
8175,2611
8176,2547
8177,2590
8178,2820
8179,2776
8180,2697
8181,2615
8182,2399
8183,2084
8184,1800
8185,1648
8186,1561
8187,1526
8188,1564
8189,1706
8190,1908
8191,2178
8192,2350
8193,2565
8194,2766
8195,2892
8196,2721
8197,2481
8198,2396
8199,2344
8200,2306
8201,2393
8202,2626
8203,2614
8204,2547
8205,2494
8206,2347
8207,2069
8208,1796
8209,1635
8210,1532
8211,1522
8212,1601
8213,1717
8214,1880
8215,2090
8216,2226
8217,2434
8218,2626
8219,2761
8220,2594
8221,2376
8222,2309
8223,2259
8224,2229
8225,2339
8226,2667
8227,2661
8228,2624
8229,2547
8230,2331
8231,1975
8232,1673
8233,1517
8234,1457
8235,1531
8236,1642
8237,1849
8238,2157
8239,2517
8240,2674
8241,2741
8242,2803
8243,2836
8244,2901
8245,2891
8246,2817
8247,2749
8248,2683
8249,2676
8250,2876
8251,2856
8252,2804
8253,2704
8254,2524
8255,2256
8256,1999
8257,1863
8258,1793
8259,1802
8260,1810
8261,1974
8262,2235
8263,2576
8264,2729
8265,2783
8266,2850
8267,2859
8268,2928
8269,2913
8270,2864
8271,2759
8272,2686
8273,2694
8274,2854
8275,2864
8276,2782
8277,2708
8278,2558
8279,2326
8280,2116
8281,2048
8282,1993
8283,1935
8284,1947
8285,2064
8286,2268
8287,2528
8288,2726
8289,2879
8290,3043
8291,3159
8292,2993
8293,2753
8294,2674
8295,2611
8296,2547
8297,2627
8298,2856
8299,2858
8300,2803
8301,2739
8302,2560
8303,2216
8304,1850
8305,1719
8306,1649
8307,1604
8308,1672
8309,1834
8310,2132
8311,2529
8312,2756
8313,2922
8314,3080
8315,3207
8316,3034
8317,2777
8318,2691
8319,2607
8320,2563
8321,2627
8322,2868
8323,2882
8324,2845
8325,2781
8326,2575
8327,2238
8328,1904
8329,1752
8330,1652
8331,1655
8332,1694
8333,1864
8334,2158
8335,2596
8336,2793
8337,2917
8338,3074
8339,3174
8340,3001
8341,2753
8342,2682
8343,2613
8344,2561
8345,2651
8346,2834
8347,2820
8348,2750
8349,2681
8350,2515
8351,2309
8352,2108
8353,2021
8354,1894
8355,1769
8356,1782
8357,2017
8358,2209
8359,2350
8360,2491
8361,2683
8362,2888
8363,3010
8364,2845
8365,2601
8366,2517
8367,2453
8368,2413
8369,2508
8370,2717
8371,2721
8372,2664
8373,2611
8374,2455
8375,2145
8376,1881
8377,1739
8378,1630
8379,1575
8380,1620
8381,1751
8382,1947
8383,2182
8384,2328
8385,2519
8386,2717
8387,2868
8388,2712
8389,2494
8390,2429
8391,2389
8392,2351
8393,2472
8394,2743
8395,2745
8396,2701
8397,2631
8398,2447
8399,2121
8400,1808
8401,1606
8402,1532
8403,1576
8404,1719
8405,1963
8406,2216
8407,2530
8408,2705
8409,2783
8410,2867
8411,2894
8412,2970
8413,2939
8414,2854
8415,2770
8416,2704
8417,2716
8418,2894
8419,2881
8420,2824
8421,2733
8422,2511
8423,2123
8424,1818
8425,1626
8426,1552
8427,1615
8428,1707
8429,1947
8430,2265
8431,2627
8432,2800
8433,2872
8434,2944
8435,2951
8436,3017
8437,2960
8438,2863
8439,2763
8440,2698
8441,2695
8442,2887
8443,2922
8444,2871
8445,2815
8446,2626
8447,2276
8448,1966
8449,1816
8450,1745
8451,1746
8452,1843
8453,2064
8454,2318
8455,2703
8456,2895
8457,3023
8458,3137
8459,3208
8460,3008
8461,2732
8462,2643
8463,2574
8464,2524
8465,2607
8466,2909
8467,2953
8468,2922
8469,2863
8470,2728
8471,2465
8472,2155
8473,2025
8474,1932
8475,2032
8476,2131
8477,2243
8478,2408
8479,2711
8480,2864
8481,2970
8482,3080
8483,3170
8484,2963
8485,2690
8486,2605
8487,2534
8488,2481
8489,2560
8490,2848
8491,2876
8492,2834
8493,2778
8494,2633
8495,2413
8496,2224
8497,2130
8498,2061
8499,2049
8500,2101
8501,2210
8502,2368
8503,2614
8504,2781
8505,2933
8506,3063
8507,3162
8508,2964
8509,2686
8510,2598
8511,2529
8512,2471
8513,2546
8514,2787
8515,2784
8516,2724
8517,2657
8518,2467
8519,2137
8520,1855
8521,1714
8522,1639
8523,1636
8524,1675
8525,1819
8526,2027
8527,2293
8528,2475
8529,2648
8530,2819
8531,2891
8532,2706
8533,2441
8534,2338
8535,2271
8536,2234
8537,2329
8538,2585
8539,2597
8540,2557
8541,2503
8542,2302
8543,2018
8544,1797
8545,1662
8546,1561
8547,1501
8548,1538
8549,1683
8550,1896
8551,2144
8552,2298
8553,2464
8554,2664
8555,2775
8556,2628
8557,2411
8558,2329
8559,2272
8560,2218
8561,2321
8562,2599
8563,2574
8564,2537
8565,2474
8566,2269
8567,1961
8568,1721
8569,1551
8570,1478
8571,1490
8572,1562
8573,1727
8574,1969
8575,2221
8576,2362
8577,2474
8578,2594
8579,2591
8580,2638
8581,2601
8582,2506
8583,2423
8584,2363
8585,2389
8586,2575
8587,2495
8588,2409
8589,2336
8590,2169
8591,1893
8592,1662
8593,1557
8594,1499
8595,1475
8596,1525
8597,1655
8598,1875
8599,2113
8600,2201
8601,2341
8602,2404
8603,2432
8604,2507
8605,2497
8606,2425
8607,2352
8608,2286
8609,2291
8610,2373
8611,2376
8612,2351
8613,2328
8614,2241
8615,2042
8616,1842
8617,1696
8618,1634
8619,1718
8620,1854
8621,1827
8622,1988
8623,2303
8624,2467
8625,2671
8626,2854
8627,2977
8628,2809
8629,2576
8630,2496
8631,2422
8632,2367
8633,2435
8634,2710
8635,2743
8636,2687
8637,2617
8638,2455
8639,2259
8640,1964
8641,1858
8642,1734
8643,1780
8644,1921
8645,2042
8646,2185
8647,2425
8648,2564
8649,2748
8650,2908
8651,2995
8652,2814
8653,2560
8654,2480
8655,2404
8656,2347
8657,2426
8658,2715
8659,2748
8660,2715
8661,2639
8662,2494
8663,2273
8664,2072
8665,1954
8666,1876
8667,1811
8668,1848
8669,1994
8670,2184
8671,2434
8672,2592
8673,2777
8674,2923
8675,3052
8676,2873
8677,2625
8678,2540
8679,2460
8680,2398
8681,2463
8682,2724
8683,2730
8684,2671
8685,2606
8686,2416
8687,2110
8688,1852
8689,1754
8690,1674
8691,1629
8692,1664
8693,1798
8694,2016
8695,2265
8696,2417
8697,2602
8698,2774
8699,2902
8700,2728
8701,2493
8702,2405
8703,2325
8704,2277
8705,2349
8706,2586
8707,2626
8708,2586
8709,2532
8710,2404
8711,2227
8712,2088
8713,2036
8714,2002
8715,1955
8716,1969
8717,2037
8718,2123
8719,2212
8720,2300
8721,2456
8722,2603
8723,2721
8724,2548
8725,2329
8726,2245
8727,2198
8728,2182
8729,2281
8730,2607
8731,2614
8732,2593
8733,2530
8734,2338
8735,2037
8736,1790
8737,1643
8738,1591
8739,1646
8740,1713
8741,1888
8742,2136
8743,2409
8744,2527
8745,2616
8746,2707
8747,2677
8748,2708
8749,2646
8750,2538
8751,2195
8752,2200
8753,2274
8754,2581
8755,2576
8756,2482
8757,2396
8758,2193
8759,1929
8760,1715